{"latmax": 31.220178806575902, "centerlon": 121.41080602963564, "gridID": 148, "lonmin": 121.4106488244609, "centerlat": 31.22004436738593, "lonmax": 121.41096323481035, "latmin": 31.219909928195968}