{"latmax": 31.221523187003864, "centerlon": 121.39099817762079, "gridID": 237, "lonmin": 121.39084097244609, "centerlat": 31.221388749725865, "lonmax": 121.39115538279552, "latmin": 31.221254312447858}