{"latmax": 31.22340528748154, "centerlon": 121.40986279858731, "gridID": 349, "lonmin": 121.40970559341258, "centerlat": 31.223270852880354, "lonmax": 121.41002000376204, "latmin": 31.22313641827917}