{"latmax": 31.22932021642747, "centerlon": 121.40231695020071, "gridID": 509, "lonmin": 121.402159745026, "centerlat": 31.22918579023975, "lonmax": 121.40247415537543, "latmin": 31.22905136405203}