{"latmax": 31.227975946901278, "centerlon": 121.40200253985127, "gridID": 449, "lonmin": 121.40184533467654, "centerlat": 31.227841518801323, "lonmax": 121.402159745026, "latmin": 31.227707090701376}