{"latmax": 31.232008698111656, "centerlon": 121.40011607775462, "gridID": 625, "lonmin": 121.3999588725799, "centerlat": 31.231874275748535, "lonmax": 121.40027328292933, "latmin": 31.231739853385413}