{"latmax": 31.21856552482477, "centerlon": 121.41143485033453, "gridID": 79, "lonmin": 121.41127764515981, "centerlat": 31.21843108334051, "lonmax": 121.41159205550925, "latmin": 31.21829664185625}