{"latmax": 31.222329806083152, "centerlon": 121.40671869509288, "gridID": 299, "lonmin": 121.40656148991816, "centerlat": 31.22219536995234, "lonmax": 121.40687590026762, "latmin": 31.222060933821524}