{"latmax": 31.228513657006445, "centerlon": 121.40058769327878, "gridID": 88, "lonmin": 121.3999588725799, "centerlat": 31.227975945371508, "lonmax": 121.40121651397766, "latmin": 31.22743823373657}