{"latmax": 31.226362798228674, "centerlon": 121.40153092432709, "gridID": 197, "lonmin": 121.40121651397766, "centerlat": 31.226093937057104, "lonmax": 121.40184533467654, "latmin": 31.22582507588554}