{"latmax": 31.233352910268707, "centerlon": 121.4053038485204, "gridID": 296, "lonmin": 121.40498943817096, "centerlat": 31.233084068984716, "lonmax": 121.40561825886985, "latmin": 31.232815227700733}