{"latmax": 31.231739853385413, "centerlon": 121.40310297607432, "gridID": 111, "lonmin": 121.40247415537543, "centerlat": 31.23120216010826, "lonmax": 121.4037317967732, "latmin": 31.2306644668311}