{"latmax": 31.220985437127045, "centerlon": 121.4142645434795, "gridID": 205, "lonmin": 121.41410733830477, "centerlat": 31.220850999084245, "lonmax": 121.4144217486542, "latmin": 31.220716561041446}