{"latmax": 31.233084069367195, "centerlon": 121.40043048810405, "gridID": 655, "lonmin": 121.40027328292933, "centerlat": 31.232949648533964, "lonmax": 121.40058769327877, "latmin": 31.232815227700733}