{"latmax": 31.220985437127045, "centerlon": 121.39209861384384, "gridID": 82, "lonmin": 121.3917842034944, "centerlat": 31.220716560659056, "lonmax": 121.39241302419329, "latmin": 31.220447684191065}