{"latmax": 31.229589068038024, "centerlon": 121.40200253985127, "gridID": 520, "lonmin": 121.40184533467654, "centerlat": 31.229454642232746, "lonmax": 121.402159745026, "latmin": 31.22932021642747}