{"latmax": 31.216145550577426, "centerlon": 121.40844795201482, "gridID": 9, "lonmin": 121.40813354166538, "centerlat": 31.215876660343948, "lonmax": 121.40876236236426, "latmin": 31.215607770110466}