{"latmax": 31.219641049051248, "centerlon": 121.40986279858731, "gridID": 123, "lonmin": 121.40970559341258, "centerlat": 31.21950660909651, "lonmax": 121.41002000376204, "latmin": 31.21937216914177}