{"latmax": 31.21775887362497, "centerlon": 121.41395013313007, "gridID": 50, "lonmin": 121.41379292795534, "centerlat": 31.21762443099359, "lonmax": 121.41410733830477, "latmin": 31.217489988362214}