{"latmax": 31.216414439663847, "centerlon": 121.40734751579178, "gridID": 20, "lonmin": 121.40719031061705, "centerlat": 31.216279995120637, "lonmax": 121.40750472096649, "latmin": 31.216145550577426}