{"latmax": 31.220985437127045, "centerlon": 121.40734751579177, "gridID": 197, "lonmin": 121.40719031061705, "centerlat": 31.220850999084245, "lonmax": 121.40750472096649, "latmin": 31.220716561041446}