{"latmax": 31.226362798228674, "centerlon": 121.39807241048325, "gridID": 80, "lonmin": 121.39744358978434, "centerlat": 31.225825074355832, "lonmax": 121.39870123118213, "latmin": 31.225287350482986}