{"latmax": 31.222329806083152, "centerlon": 121.39131258797025, "gridID": 292, "lonmin": 121.39115538279552, "centerlat": 31.22219536995234, "lonmax": 121.39146979314496, "latmin": 31.222060933821524}