{"latmax": 31.216683327985535, "centerlon": 121.4148933641784, "gridID": 33, "lonmin": 121.41473615900367, "centerlat": 31.216548883824693, "lonmax": 121.4150505693531, "latmin": 31.216414439663847}