{"latmax": 31.232277542072964, "centerlon": 121.40546105369512, "gridID": 641, "lonmin": 121.40530384852039, "centerlat": 31.23214312009231, "lonmax": 121.40561825886985, "latmin": 31.232008698111656}