{"latmax": 31.22259867757997, "centerlon": 121.40766192614122, "gridID": 312, "lonmin": 121.40750472096649, "centerlat": 31.222464241831556, "lonmax": 121.40781913131595, "latmin": 31.222329806083152}