{"latmax": 31.219641049051248, "centerlon": 121.4104916192862, "gridID": 125, "lonmin": 121.41033441411147, "centerlat": 31.21950660909651, "lonmax": 121.4106488244609, "latmin": 31.21937216914177}