{"latmax": 31.22313641827917, "centerlon": 121.39807241048325, "gridID": 55, "lonmin": 121.39744358978434, "centerlat": 31.222598676050346, "lonmax": 121.39870123118213, "latmin": 31.222060933821524}