{"latmax": 31.22259867757997, "centerlon": 121.4067186950929, "gridID": 310, "lonmin": 121.40656148991816, "centerlat": 31.222464241831556, "lonmax": 121.40687590026762, "latmin": 31.222329806083152}