{"latmax": 31.219909928195968, "centerlon": 121.40923397788843, "gridID": 133, "lonmin": 121.40907677271372, "centerlat": 31.219775488623608, "lonmax": 121.40939118306315, "latmin": 31.219641049051248}