{"latmax": 31.229857918883656, "centerlon": 121.40608987439401, "gridID": 540, "lonmin": 121.40593266921928, "centerlat": 31.22972349346084, "lonmax": 121.40624707956873, "latmin": 31.229589068038024}