{"latmax": 31.21775887362497, "centerlon": 121.4152077745278, "gridID": 52, "lonmin": 121.4150505693531, "centerlat": 31.21762443099359, "lonmax": 121.41536497970253, "latmin": 31.217489988362214}