{"latmax": 31.231739853385413, "centerlon": 121.39964446223046, "gridID": 271, "lonmin": 121.39933005188101, "centerlat": 31.231471007511768, "lonmax": 121.3999588725799, "latmin": 31.231202161638116}