{"latmax": 31.22259867757997, "centerlon": 121.40844795201482, "gridID": 141, "lonmin": 121.40813354166538, "centerlat": 31.222329805700742, "lonmax": 121.40876236236426, "latmin": 31.222060933821524}