{"latmax": 31.220178806575902, "centerlon": 121.41049161928619, "gridID": 147, "lonmin": 121.41033441411147, "centerlat": 31.220044367385935, "lonmax": 121.4106488244609, "latmin": 31.219909928195968}