{"latmax": 31.21937216914177, "centerlon": 121.41457895382894, "gridID": 112, "lonmin": 121.4144217486542, "centerlat": 31.21923772880465, "lonmax": 121.41473615900367, "latmin": 31.219103288467526}