{"latmax": 31.22259867757997, "centerlon": 121.40719031061705, "gridID": 139, "lonmin": 121.40687590026762, "centerlat": 31.22232980570075, "lonmax": 121.40750472096649, "latmin": 31.222060933821524}