{"latmax": 31.226362798228674, "centerlon": 121.39650035873602, "gridID": 190, "lonmin": 121.39618594838657, "centerlat": 31.22609393705711, "lonmax": 121.39681476908548, "latmin": 31.22582507588554}