{"latmax": 31.224749622021044, "centerlon": 121.4053038485204, "gridID": 177, "lonmin": 121.40498943817096, "centerlat": 31.22448075626039, "lonmax": 121.40561825886985, "latmin": 31.224211890499742}