{"latmax": 31.215876660726313, "centerlon": 121.4082907468401, "gridID": 15, "lonmin": 121.40813354166538, "centerlat": 31.215742215418384, "lonmax": 121.40844795201481, "latmin": 31.215607770110466}