{"latmax": 31.230126768964404, "centerlon": 121.40388900194792, "gridID": 548, "lonmin": 121.4037317967732, "centerlat": 31.22999234392403, "lonmax": 121.40404620712263, "latmin": 31.229857918883656}