{"latmax": 31.224749622021044, "centerlon": 121.39917284670628, "gridID": 390, "lonmin": 121.39901564153158, "centerlat": 31.224615189331928, "lonmax": 121.39933005188101, "latmin": 31.22448075664281}