{"depth": 113.16599655151367, "height": 200, "buildingCount": 11, "RTCy": -96.37464974143289, "gridID": 47, "RTCx": -382.7073808149858, "width": 116.57000732421875}