{"latmax": 31.224211890499742, "centerlon": 121.40294577089956, "gridID": 374, "lonmin": 121.40278856572486, "centerlat": 31.224077457045787, "lonmax": 121.4031029760743, "latmin": 31.223943023591836}