{"latmax": 31.22340528748154, "centerlon": 121.41017720893674, "gridID": 350, "lonmin": 121.41002000376204, "centerlat": 31.223270852880354, "lonmax": 121.41033441411147, "latmin": 31.22313641827917}