{"latmax": 31.220985437127045, "centerlon": 121.41347851760588, "gridID": 93, "lonmin": 121.41316410725643, "centerlat": 31.220716560659053, "lonmax": 121.41379292795534, "latmin": 31.220447684191065}