{"latmax": 31.221792060795096, "centerlon": 121.39036935692192, "gridID": 259, "lonmin": 121.39021215174719, "centerlat": 31.221657623899482, "lonmax": 121.39052656209662, "latmin": 31.221523187003864}