{"latmax": 31.222060933821524, "centerlon": 121.39068376727136, "gridID": 275, "lonmin": 121.39052656209662, "centerlat": 31.22192649730831, "lonmax": 121.39084097244609, "latmin": 31.221792060795096}