{"latmax": 31.228513657006445, "centerlon": 121.40263136055015, "gridID": 469, "lonmin": 121.40247415537543, "centerlat": 31.228379229671376, "lonmax": 121.40278856572486, "latmin": 31.22824480233631}