{"latmax": 31.220447684191065, "centerlon": 121.40640428474345, "gridID": 151, "lonmin": 121.40624707956873, "centerlat": 31.22031324538348, "lonmax": 121.40656148991816, "latmin": 31.220178806575902}