{"latmax": 31.217221102334722, "centerlon": 121.41174926068395, "gridID": 41, "lonmin": 121.41159205550925, "centerlat": 31.217086658938605, "lonmax": 121.41190646585868, "latmin": 31.216952215542488}