{"latmax": 31.221523187003864, "centerlon": 121.41646541592559, "gridID": 254, "lonmin": 121.41630821075087, "centerlat": 31.221388749725865, "lonmax": 121.4166226211003, "latmin": 31.221254312447858}