{"latmax": 31.220716561041446, "centerlon": 121.41677982627503, "gridID": 185, "lonmin": 121.4166226211003, "centerlat": 31.220582122616253, "lonmax": 121.41693703144976, "latmin": 31.220447684191065}