{"latmax": 31.222060933821524, "centerlon": 121.39209861384384, "gridID": 121, "lonmin": 121.3917842034944, "centerlat": 31.221792060412696, "lonmax": 121.39241302419329, "latmin": 31.221523187003864}