{"latmax": 31.219641049051248, "centerlon": 121.40640428474345, "gridID": 114, "lonmin": 121.40624707956873, "centerlat": 31.21950660909651, "lonmax": 121.40656148991816, "latmin": 31.21937216914177}