{"latmax": 31.216683327985535, "centerlon": 121.41442174865422, "gridID": 7, "lonmin": 121.41379292795534, "centerlat": 31.216145549047997, "lonmax": 121.4150505693531, "latmin": 31.215607770110466}