{"latmax": 31.21829664185625, "centerlon": 121.41395013313006, "gridID": 74, "lonmin": 121.41379292795534, "centerlat": 31.218162199989614, "lonmax": 121.41410733830477, "latmin": 31.218027758122982}