{"latmax": 31.22582507588554, "centerlon": 121.39194140866913, "gridID": 406, "lonmin": 121.3917842034944, "centerlat": 31.225690644726114, "lonmax": 121.39209861384386, "latmin": 31.22555621356669}