{"latmax": 31.219909928195968, "centerlon": 121.40640428474345, "gridID": 127, "lonmin": 121.40624707956873, "centerlat": 31.219775488623608, "lonmax": 121.40656148991816, "latmin": 31.219641049051248}