{"latmax": 31.232277542072964, "centerlon": 121.40200253985128, "gridID": 639, "lonmin": 121.40184533467654, "centerlat": 31.23214312009231, "lonmax": 121.402159745026, "latmin": 31.232008698111656}