{"latmax": 31.219909928195968, "centerlon": 121.40797633649066, "gridID": 130, "lonmin": 121.40781913131595, "centerlat": 31.219775488623608, "lonmax": 121.40813354166538, "latmin": 31.219641049051248}