{"latmax": 31.225287350482986, "centerlon": 121.39933005188101, "gridID": 70, "lonmin": 121.39870123118213, "centerlat": 31.224749620491366, "lonmax": 121.3999588725799, "latmin": 31.224211890499742}