{"latmax": 31.231739853385413, "centerlon": 121.39885843635685, "gridID": 608, "lonmin": 121.39870123118213, "centerlat": 31.231605430639817, "lonmax": 121.39901564153158, "latmin": 31.231471007894218}