{"latmax": 31.222060933821524, "centerlon": 121.4097055934126, "gridID": 128, "lonmin": 121.40939118306315, "centerlat": 31.221792060412696, "lonmax": 121.41002000376204, "latmin": 31.221523187003864}