{"latmax": 31.215069986584638, "centerlon": 121.40954838823787, "gridID": 6, "lonmin": 121.40939118306315, "centerlat": 31.21493554012964, "lonmax": 121.40970559341258, "latmin": 31.214801093674655}