{"latmax": 31.236310109697083, "centerlon": 121.40546105369512, "gridID": 687, "lonmin": 121.40530384852039, "centerlat": 31.23617569345371, "lonmax": 121.40561825886985, "latmin": 31.236041277210337}