{"latmax": 31.21829664185625, "centerlon": 121.41222087620812, "gridID": 33, "lonmin": 121.41190646585868, "centerlat": 31.218027757740607, "lonmax": 121.41253528655757, "latmin": 31.21775887362497}