{"latmax": 31.220447684191065, "centerlon": 121.41347851760588, "gridID": 75, "lonmin": 121.41316410725643, "centerlat": 31.220178806193513, "lonmax": 121.41379292795534, "latmin": 31.219909928195968}