{"latmax": 31.2306644668311, "centerlon": 121.39838682083268, "gridID": 246, "lonmin": 121.39807241048324, "centerlat": 31.230395617897752, "lonmax": 121.39870123118213, "latmin": 31.230126768964404}