{"latmax": 31.220178806575902, "centerlon": 121.40797633649066, "gridID": 144, "lonmin": 121.40781913131595, "centerlat": 31.220044367385935, "lonmax": 121.40813354166538, "latmin": 31.219909928195968}