{"latmax": 31.22555621356669, "centerlon": 121.39225581901856, "gridID": 401, "lonmin": 121.39209861384386, "centerlat": 31.22542178202484, "lonmax": 121.39241302419329, "latmin": 31.225287350482986}