{"latmax": 31.22286754831197, "centerlon": 121.40797633649066, "gridID": 322, "lonmin": 121.40781913131595, "centerlat": 31.22273311294597, "lonmax": 121.40813354166538, "latmin": 31.22259867757997}