{"latmax": 31.22878251091168, "centerlon": 121.40263136055015, "gridID": 482, "lonmin": 121.40247415537543, "centerlat": 31.228648083959065, "lonmax": 121.40278856572486, "latmin": 31.228513657006445}