{"latmax": 31.219909928195968, "centerlon": 121.40703310544234, "gridID": 129, "lonmin": 121.40687590026762, "centerlat": 31.219775488623608, "lonmax": 121.40719031061705, "latmin": 31.219641049051248}