{"latmax": 31.220985437127045, "centerlon": 121.4067186950929, "gridID": 195, "lonmin": 121.40656148991816, "centerlat": 31.220850999084245, "lonmax": 121.40687590026762, "latmin": 31.220716561041446}