{"latmax": 31.2306644668311, "centerlon": 121.40436061747208, "gridID": 105, "lonmin": 121.4037317967732, "centerlat": 31.230126767434562, "lonmax": 121.40498943817096, "latmin": 31.229589068038024}