{"latmax": 31.22259867757997, "centerlon": 121.39225581901857, "gridID": 307, "lonmin": 121.39209861384386, "centerlat": 31.22246424183156, "lonmax": 121.39241302419329, "latmin": 31.222329806083152}