{"latmax": 31.229857918883656, "centerlon": 121.40388900194793, "gridID": 534, "lonmin": 121.4037317967732, "centerlat": 31.22972349346084, "lonmax": 121.40404620712263, "latmin": 31.229589068038024}