{"latmax": 31.220716561041446, "centerlon": 121.39288463971745, "gridID": 169, "lonmin": 121.39272743454272, "centerlat": 31.220582122616253, "lonmax": 121.39304184489218, "latmin": 31.220447684191065}