{"latmax": 31.220985437127045, "centerlon": 121.40813354166538, "gridID": 32, "lonmin": 121.40750472096649, "centerlat": 31.220447682661504, "lonmax": 121.40876236236426, "latmin": 31.219909928195968}