{"latmax": 31.221254312447858, "centerlon": 121.3909981776208, "gridID": 214, "lonmin": 121.39084097244609, "centerlat": 31.22111987478745, "lonmax": 121.39115538279552, "latmin": 31.220985437127045}