{"latmax": 31.223943023591836, "centerlon": 121.40734751579177, "gridID": 368, "lonmin": 121.40719031061705, "centerlat": 31.223808589755468, "lonmax": 121.40750472096649, "latmin": 31.2236741559191}