{"latmax": 31.216683327985535, "centerlon": 121.41143485033453, "gridID": 29, "lonmin": 121.41127764515981, "centerlat": 31.216548883824693, "lonmax": 121.41159205550925, "latmin": 31.216414439663847}