{"latmax": 31.232815227700733, "centerlon": 121.40058769327878, "gridID": 115, "lonmin": 121.3999588725799, "centerlat": 31.232277540543077, "lonmax": 121.40121651397766, "latmin": 31.231739853385413}