{"latmax": 31.22582507588554, "centerlon": 121.39650035873603, "gridID": 184, "lonmin": 121.39618594838657, "centerlat": 31.225556213184262, "lonmax": 121.39681476908548, "latmin": 31.225287350482986}