{"latmax": 31.231739853385413, "centerlon": 121.3985440260074, "gridID": 607, "lonmin": 121.39838682083267, "centerlat": 31.231605430639814, "lonmax": 121.39870123118213, "latmin": 31.231471007894218}