{"latmax": 31.232008698111656, "centerlon": 121.3985440260074, "gridID": 621, "lonmin": 121.39838682083267, "centerlat": 31.231874275748535, "lonmax": 121.39870123118213, "latmin": 31.231739853385413}