{"latmax": 31.221523187003864, "centerlon": 121.39162699831968, "gridID": 238, "lonmin": 121.39146979314496, "centerlat": 31.221388749725865, "lonmax": 121.3917842034944, "latmin": 31.221254312447858}