{"latmax": 31.229589068038024, "centerlon": 121.40388900194792, "gridID": 524, "lonmin": 121.4037317967732, "centerlat": 31.229454642232746, "lonmax": 121.40404620712263, "latmin": 31.22932021642747}