{"latmax": 31.216414439663847, "centerlon": 121.4082907468401, "gridID": 21, "lonmin": 121.40813354166538, "centerlat": 31.216279995120637, "lonmax": 121.40844795201481, "latmin": 31.216145550577426}