{"latmax": 31.216683327985535, "centerlon": 121.40970559341261, "gridID": 13, "lonmin": 121.40939118306315, "centerlat": 31.216414439281483, "lonmax": 121.41002000376204, "latmin": 31.216145550577426}