{"latmax": 31.21775887362497, "centerlon": 121.41159205550923, "gridID": 23, "lonmin": 121.41127764515981, "centerlat": 31.217489987979846, "lonmax": 121.41190646585868, "latmin": 31.217221102334722}