{"latmax": 31.236847772375558, "centerlon": 121.4054610536951, "gridID": 689, "lonmin": 121.40530384852039, "centerlat": 31.236713356897194, "lonmax": 121.40561825886985, "latmin": 31.236578941418827}