{"latmax": 31.232008698111656, "centerlon": 121.40388900194792, "gridID": 632, "lonmin": 121.4037317967732, "centerlat": 31.231874275748535, "lonmax": 121.40404620712263, "latmin": 31.231739853385413}