{"latmax": 31.22932021642747, "centerlon": 121.40294577089958, "gridID": 511, "lonmin": 121.40278856572486, "centerlat": 31.22918579023975, "lonmax": 121.4031029760743, "latmin": 31.22905136405203}