{"latmax": 31.218027758122982, "centerlon": 121.4120636710334, "gridID": 58, "lonmin": 121.41190646585868, "centerlat": 31.21789331587398, "lonmax": 121.41222087620811, "latmin": 31.21775887362497}