{"depth": 24.95599365234375, "height": 200, "buildingCount": 1, "RTCy": -547.6153564453125, "gridID": 9, "RTCx": -318.7690124511719, "width": 11.01300048828125}