{"latmax": 31.22286754831197, "centerlon": 121.40703310544234, "gridID": 320, "lonmin": 121.40687590026762, "centerlat": 31.22273311294597, "lonmax": 121.40719031061705, "latmin": 31.22259867757997}