{"latmax": 31.22313641827917, "centerlon": 121.39760079495908, "gridID": 327, "lonmin": 121.39744358978434, "centerlat": 31.22300198329557, "lonmax": 121.3977580001338, "latmin": 31.22286754831197}