{"latmax": 31.220985437127045, "centerlon": 121.3902121517472, "gridID": 79, "lonmin": 121.38989774139776, "centerlat": 31.220716560659053, "lonmax": 121.39052656209662, "latmin": 31.220447684191065}