{"latmax": 31.22824480233631, "centerlon": 121.40011607775463, "gridID": 454, "lonmin": 121.3999588725799, "centerlat": 31.22811037461879, "lonmax": 121.40027328292933, "latmin": 31.227975946901278}