{"latmax": 31.221792060795096, "centerlon": 121.39131258797026, "gridID": 261, "lonmin": 121.39115538279552, "centerlat": 31.221657623899482, "lonmax": 121.39146979314496, "latmin": 31.221523187003864}