{"latmax": 31.219909928195968, "centerlon": 121.40781913131593, "gridID": 58, "lonmin": 121.40750472096649, "centerlat": 31.21964104866887, "lonmax": 121.40813354166538, "latmin": 31.21937216914177}