{"depth": 19.73699951171875, "height": 200, "buildingCount": 1, "RTCy": -45.289710998535156, "gridID": 49, "RTCx": -192.87005615234375, "width": 20.45599365234375}