{"latmax": 31.2236741559191, "centerlon": 121.39712917943493, "gridID": 152, "lonmin": 121.39681476908548, "centerlat": 31.223405287099133, "lonmax": 121.39744358978434, "latmin": 31.22313641827917}