{"latmax": 31.220178806575902, "centerlon": 121.4067186950929, "gridID": 141, "lonmin": 121.40656148991816, "centerlat": 31.220044367385935, "lonmax": 121.40687590026762, "latmin": 31.219909928195968}