{"latmax": 31.232815227700733, "centerlon": 121.40656148991818, "gridID": 292, "lonmin": 121.40624707956873, "centerlat": 31.23254638488685, "lonmax": 121.40687590026762, "latmin": 31.232277542072964}