{"depth": 37.569984436035156, "height": 200, "buildingCount": 2, "RTCy": -142.31956481933594, "gridID": 43, "RTCx": 370.95619201660156, "width": 42.1309814453125}