{"depth": 152.83799743652344, "height": 200, "buildingCount": 7, "RTCy": -264.7791442871094, "gridID": 23, "RTCx": -542.673113141741, "width": 67.2139892578125}