{"latmax": 31.224211890499742, "centerlon": 121.39681476908545, "gridID": 60, "lonmin": 121.39618594838657, "centerlat": 31.223674154389457, "lonmax": 121.39744358978434, "latmin": 31.22313641827917}