{"latmax": 31.22905136405203, "centerlon": 121.40577546404457, "gridID": 503, "lonmin": 121.40561825886985, "centerlat": 31.22891693748186, "lonmax": 121.40593266921928, "latmin": 31.22878251091168}