{"latmax": 31.227975946901278, "centerlon": 121.40294577089959, "gridID": 451, "lonmin": 121.40278856572486, "centerlat": 31.227841518801327, "lonmax": 121.4031029760743, "latmin": 31.227707090701376}