{"latmax": 31.221523187003864, "centerlon": 121.392570229368, "gridID": 241, "lonmin": 121.39241302419329, "centerlat": 31.221388749725865, "lonmax": 121.39272743454272, "latmin": 31.221254312447858}