{"latmax": 31.226631658252956, "centerlon": 121.40168812950182, "gridID": 438, "lonmin": 121.4015309243271, "centerlat": 31.226497228240817, "lonmax": 121.40184533467654, "latmin": 31.226362798228674}