{"latmax": 31.222060933821524, "centerlon": 121.41096323481037, "gridID": 130, "lonmin": 121.4106488244609, "centerlat": 31.2217920604127, "lonmax": 121.41127764515981, "latmin": 31.221523187003864}