{"latmax": 31.220447684191065, "centerlon": 121.41033441411146, "gridID": 70, "lonmin": 121.41002000376204, "centerlat": 31.220178806193516, "lonmax": 121.4106488244609, "latmin": 31.219909928195968}