{"latmax": 31.230126768964404, "centerlon": 121.40341738642375, "gridID": 241, "lonmin": 121.4031029760743, "centerlat": 31.22985791850121, "lonmax": 121.4037317967732, "latmin": 31.229589068038024}