{"latmax": 31.222060933821524, "centerlon": 121.39162699831968, "gridID": 277, "lonmin": 121.39146979314496, "centerlat": 31.221926497308313, "lonmax": 121.3917842034944, "latmin": 31.221792060795096}