{"latmax": 31.216683327985535, "centerlon": 121.40939118306316, "gridID": 5, "lonmin": 121.40876236236426, "centerlat": 31.216145549048, "lonmax": 121.41002000376204, "latmin": 31.215607770110466}