{"latmax": 31.227707090701376, "centerlon": 121.40200253985127, "gridID": 444, "lonmin": 121.40184533467654, "centerlat": 31.22757266221897, "lonmax": 121.402159745026, "latmin": 31.22743823373657}