{"latmax": 31.22905136405203, "centerlon": 121.40090210362823, "gridID": 217, "lonmin": 121.40058769327877, "centerlat": 31.22878251052924, "lonmax": 121.40121651397766, "latmin": 31.228513657006445}