{"latmax": 31.234159428383425, "centerlon": 121.40608987439401, "gridID": 672, "lonmin": 121.40593266921928, "centerlat": 31.234025009080124, "lonmax": 121.40624707956873, "latmin": 31.233890589776824}