{"latmax": 31.222060933821524, "centerlon": 121.40766192614122, "gridID": 283, "lonmin": 121.40750472096649, "centerlat": 31.22192649730831, "lonmax": 121.40781913131595, "latmin": 31.221792060795096}