{"depth": 101.19800567626953, "height": 200, "buildingCount": 9, "RTCy": -166.35332573784723, "gridID": 40, "RTCx": 108.03979916042752, "width": 122.3010025024414}