{"latmax": 31.2236741559191, "centerlon": 121.40797633649068, "gridID": 357, "lonmin": 121.40781913131595, "centerlat": 31.22353972170032, "lonmax": 121.40813354166538, "latmin": 31.22340528748154}