{"latmax": 31.219641049051248, "centerlon": 121.40766192614122, "gridID": 118, "lonmin": 121.40750472096649, "centerlat": 31.21950660909651, "lonmax": 121.40781913131595, "latmin": 31.21937216914177}