{"latmax": 31.22609393743955, "centerlon": 121.39822961565795, "gridID": 418, "lonmin": 121.39807241048324, "centerlat": 31.225959506662544, "lonmax": 121.39838682083267, "latmin": 31.22582507588554}