{"latmax": 31.219641049051248, "centerlon": 121.408919567539, "gridID": 121, "lonmin": 121.40876236236426, "centerlat": 31.21950660909651, "lonmax": 121.40907677271372, "latmin": 31.21937216914177}