{"latmax": 31.224749622021044, "centerlon": 121.40451782264681, "gridID": 394, "lonmin": 121.4043606174721, "centerlat": 31.224615189331928, "lonmax": 121.40467502782153, "latmin": 31.22448075664281}