{"latmax": 31.220985437127045, "centerlon": 121.41615100557615, "gridID": 207, "lonmin": 121.41599380040142, "centerlat": 31.220850999084245, "lonmax": 121.41630821075087, "latmin": 31.220716561041446}