{"latmax": 31.221523187003864, "centerlon": 121.40891956753899, "gridID": 249, "lonmin": 121.40876236236426, "centerlat": 31.221388749725858, "lonmax": 121.40907677271372, "latmin": 31.221254312447858}