{"latmax": 31.229589068038024, "centerlon": 121.40436061747208, "gridID": 97, "lonmin": 121.4037317967732, "centerlat": 31.229051362522235, "lonmax": 121.40498943817096, "latmin": 31.228513657006445}