{"latmax": 31.21775887362497, "centerlon": 121.41567939005198, "gridID": 12, "lonmin": 121.4150505693531, "centerlat": 31.217221100805254, "lonmax": 121.41630821075087, "latmin": 31.216683327985535}