{"latmax": 31.22259867757997, "centerlon": 121.41017720893676, "gridID": 317, "lonmin": 121.41002000376204, "centerlat": 31.22246424183156, "lonmax": 121.41033441411147, "latmin": 31.222329806083152}