{"latmax": 31.220985437127045, "centerlon": 121.392570229368, "gridID": 192, "lonmin": 121.39241302419329, "centerlat": 31.220850999084245, "lonmax": 121.39272743454272, "latmin": 31.220716561041446}