{"latmax": 31.224211890499742, "centerlon": 121.40923397788843, "gridID": 378, "lonmin": 121.40907677271372, "centerlat": 31.224077457045787, "lonmax": 121.40939118306315, "latmin": 31.223943023591836}