{"latmax": 31.229589068038024, "centerlon": 121.40561825886984, "gridID": 98, "lonmin": 121.40498943817096, "centerlat": 31.22905136252223, "lonmax": 121.40624707956873, "latmin": 31.228513657006445}