{"latmax": 31.23093331461706, "centerlon": 121.39917284670629, "gridID": 579, "lonmin": 121.39901564153158, "centerlat": 31.23079889072408, "lonmax": 121.39933005188101, "latmin": 31.2306644668311}