{"latmax": 31.228513657006445, "centerlon": 121.40215974502597, "gridID": 208, "lonmin": 121.40184533467654, "centerlat": 31.22824480195386, "lonmax": 121.40247415537543, "latmin": 31.227975946901278}