{"latmax": 31.222060933821524, "centerlon": 121.38895451034944, "gridID": 116, "lonmin": 121.38864009999999, "centerlat": 31.2217920604127, "lonmax": 121.38926892069887, "latmin": 31.221523187003864}