{"latmax": 31.22286754831197, "centerlon": 121.41049161928619, "gridID": 326, "lonmin": 121.41033441411147, "centerlat": 31.22273311294597, "lonmax": 121.4106488244609, "latmin": 31.22259867757997}