{"latmax": 31.22313641827917, "centerlon": 121.40939118306315, "gridID": 58, "lonmin": 121.40876236236426, "centerlat": 31.222598676050346, "lonmax": 121.41002000376204, "latmin": 31.222060933821524}