{"latmax": 31.2236741559191, "centerlon": 121.39728638460963, "gridID": 351, "lonmin": 121.39712917943491, "centerlat": 31.22353972170032, "lonmax": 121.39744358978434, "latmin": 31.22340528748154}