{"latmax": 31.230126768964404, "centerlon": 121.40168812950182, "gridID": 544, "lonmin": 121.4015309243271, "centerlat": 31.22999234392403, "lonmax": 121.40184533467654, "latmin": 31.229857918883656}