{"latmax": 31.221792060795096, "centerlon": 121.3887973051747, "gridID": 255, "lonmin": 121.38864009999999, "centerlat": 31.221657623899482, "lonmax": 121.38895451034942, "latmin": 31.221523187003864}