{"depth": 3.640003204345703, "height": 200, "buildingCount": 1, "RTCy": 45.131996154785156, "gridID": 64, "RTCx": 211.167236328125, "width": 8.672012329101562}