{"latmax": 31.218027758122982, "centerlon": 121.41457895382894, "gridID": 62, "lonmin": 121.4144217486542, "centerlat": 31.217893315873976, "lonmax": 121.41473615900367, "latmin": 31.21775887362497}