{"depth": 80.3510046005249, "height": 200, "buildingCount": 6, "RTCy": 37.204962412516274, "gridID": 57, "RTCx": -459.0569101969401, "width": 79.0460205078125}