{"latmax": 31.222329806083152, "centerlon": 121.39288463971744, "gridID": 296, "lonmin": 121.39272743454272, "centerlat": 31.22219536995234, "lonmax": 121.39304184489218, "latmin": 31.222060933821524}