{"latmax": 31.21829664185625, "centerlon": 121.41410733830477, "gridID": 35, "lonmin": 121.41379292795534, "centerlat": 31.218027757740607, "lonmax": 121.4144217486542, "latmin": 31.21775887362497}