{"latmax": 31.220447684191065, "centerlon": 121.41395013313006, "gridID": 165, "lonmin": 121.41379292795534, "centerlat": 31.22031324538348, "lonmax": 121.41410733830477, "latmin": 31.220178806575902}