{"latmax": 31.226362798228674, "centerlon": 121.40027328292933, "gridID": 195, "lonmin": 121.3999588725799, "centerlat": 31.226093937057108, "lonmax": 121.40058769327877, "latmin": 31.22582507588554}