{"latmax": 31.23496593961344, "centerlon": 121.40640428474345, "gridID": 680, "lonmin": 121.40624707956873, "centerlat": 31.234831521457593, "lonmax": 121.40656148991816, "latmin": 31.234697103301745}