{"latmax": 31.222060933821524, "centerlon": 121.38974053622304, "gridID": 273, "lonmin": 121.38958333104833, "centerlat": 31.221926497308313, "lonmax": 121.38989774139776, "latmin": 31.221792060795096}