{"latmax": 31.230395618280212, "centerlon": 121.40231695020071, "gridID": 557, "lonmin": 121.402159745026, "centerlat": 31.230261193622308, "lonmax": 121.40247415537543, "latmin": 31.230126768964404}