{"latmax": 31.220447684191065, "centerlon": 121.40781913131593, "gridID": 66, "lonmin": 121.40750472096649, "centerlat": 31.220178806193516, "lonmax": 121.40813354166538, "latmin": 31.219909928195968}