{"depth": 82.17300415039062, "height": 200, "buildingCount": 6, "RTCy": -390.7269592285156, "gridID": 16, "RTCx": -277.7209218343099, "width": 92.9530029296875}