{"latmax": 31.221523187003864, "centerlon": 121.41096323481035, "gridID": 112, "lonmin": 121.4106488244609, "centerlat": 31.221254312065454, "lonmax": 121.41127764515981, "latmin": 31.220985437127045}