{"latmax": 31.231202161638116, "centerlon": 121.40341738642374, "gridID": 265, "lonmin": 121.4031029760743, "centerlat": 31.23093331423461, "lonmax": 121.4037317967732, "latmin": 31.2306644668311}