{"latmax": 31.221523187003864, "centerlon": 121.41599380040142, "gridID": 114, "lonmin": 121.41567939005199, "centerlat": 31.221254312065454, "lonmax": 121.41630821075087, "latmin": 31.220985437127045}