{"latmax": 31.220716561041446, "centerlon": 121.41017720893676, "gridID": 178, "lonmin": 121.41002000376204, "centerlat": 31.22058212261625, "lonmax": 121.41033441411147, "latmin": 31.220447684191065}