{"depth": 57.11602783203125, "height": 200, "buildingCount": 3, "RTCy": -390.1675211588542, "gridID": 13, "RTCx": -552.3378295898438, "width": 79.36001586914062}