{"latmax": 31.221523187003864, "centerlon": 121.40797633649068, "gridID": 246, "lonmin": 121.40781913131595, "centerlat": 31.221388749725865, "lonmax": 121.40813354166538, "latmin": 31.221254312447858}