{"latmax": 31.229589068038024, "centerlon": 121.40341738642374, "gridID": 231, "lonmin": 121.4031029760743, "centerlat": 31.229320216045025, "lonmax": 121.4037317967732, "latmin": 31.22905136405203}