{"latmax": 31.22313641827917, "centerlon": 121.4097055934126, "gridID": 150, "lonmin": 121.40939118306315, "centerlat": 31.22286754792957, "lonmax": 121.41002000376204, "latmin": 31.22259867757997}