{"latmax": 31.220985437127045, "centerlon": 121.41096323481037, "gridID": 92, "lonmin": 121.4106488244609, "centerlat": 31.220716560659053, "lonmax": 121.41127764515981, "latmin": 31.220447684191065}