{"latmax": 31.216145550577426, "centerlon": 121.40734751579178, "gridID": 16, "lonmin": 121.40719031061705, "centerlat": 31.21601110565187, "lonmax": 121.40750472096649, "latmin": 31.215876660726313}