{"latmax": 31.220716561041446, "centerlon": 121.41426454347949, "gridID": 182, "lonmin": 121.41410733830477, "centerlat": 31.22058212261625, "lonmax": 121.4144217486542, "latmin": 31.220447684191065}