{"depth": 121.50300598144531, "height": 200, "buildingCount": 15, "RTCy": 269.3427998860677, "gridID": 85, "RTCx": 84.79999720255533, "width": 134.85601043701172}