{"latmax": 31.221523187003864, "centerlon": 121.41536497970255, "gridID": 113, "lonmin": 121.4150505693531, "centerlat": 31.221254312065454, "lonmax": 121.41567939005199, "latmin": 31.220985437127045}