{"depth": 81.42100524902344, "height": 200, "buildingCount": 7, "RTCy": 258.25995962960377, "gridID": 81, "RTCx": -273.0136151994978, "width": 41.34100341796875}