{"latmax": 31.220985437127045, "centerlon": 121.41033441411147, "gridID": 91, "lonmin": 121.41002000376204, "centerlat": 31.220716560659053, "lonmax": 121.4106488244609, "latmin": 31.220447684191065}