{"latmax": 31.231739853385413, "centerlon": 121.39980166740517, "gridID": 611, "lonmin": 121.39964446223044, "centerlat": 31.231605430639814, "lonmax": 121.3999588725799, "latmin": 31.231471007894218}