{"depth": 92.59700393676758, "height": 200, "buildingCount": 4, "RTCy": 76.03560256958008, "gridID": 65, "RTCx": 322.0786819458008, "width": 75.676025390625}