{"latmax": 31.216683327985535, "centerlon": 121.41473615900365, "gridID": 16, "lonmin": 121.4144217486542, "centerlat": 31.216414439281483, "lonmax": 121.4150505693531, "latmin": 31.216145550577426}