{"latmax": 31.219641049051248, "centerlon": 121.40703310544234, "gridID": 116, "lonmin": 121.40687590026762, "centerlat": 31.21950660909651, "lonmax": 121.40719031061705, "latmin": 31.21937216914177}