{"latmax": 31.21937216914177, "centerlon": 121.40766192614122, "gridID": 104, "lonmin": 121.40750472096649, "centerlat": 31.21923772880465, "lonmax": 121.40781913131595, "latmin": 31.219103288467526}