{"latmax": 31.2236741559191, "centerlon": 121.39791520530854, "gridID": 353, "lonmin": 121.3977580001338, "centerlat": 31.22353972170032, "lonmax": 121.39807241048324, "latmin": 31.22340528748154}