{"latmax": 31.231471007894218, "centerlon": 121.40200253985127, "gridID": 601, "lonmin": 121.40184533467654, "centerlat": 31.23133658476617, "lonmax": 121.402159745026, "latmin": 31.231202161638116}