{"depth": 100.0889892578125, "height": 200, "buildingCount": 7, "RTCy": 260.3388235909598, "gridID": 88, "RTCx": 365.43689400809154, "width": 43.063995361328125}