{"depth": 195.4110107421875, "height": 200, "buildingCount": 19, "RTCy": -542.0093688964844, "gridID": 4, "RTCx": 361.1210873252467, "width": 162.46200561523438}