{"latmax": 31.2236741559191, "centerlon": 121.4090767727137, "gridID": 158, "lonmin": 121.40876236236426, "centerlat": 31.223405287099133, "lonmax": 121.40939118306315, "latmin": 31.22313641827917}