{"latmax": 31.22609393743955, "centerlon": 121.4007448984535, "gridID": 423, "lonmin": 121.40058769327877, "centerlat": 31.225959506662544, "lonmax": 121.4009021036282, "latmin": 31.22582507588554}