{"latmax": 31.21775887362497, "centerlon": 121.41489336417838, "gridID": 51, "lonmin": 121.41473615900367, "centerlat": 31.21762443099359, "lonmax": 121.4150505693531, "latmin": 31.217489988362214}