{"latmax": 31.22340528748154, "centerlon": 121.4082907468401, "gridID": 347, "lonmin": 121.40813354166538, "centerlat": 31.223270852880354, "lonmax": 121.40844795201481, "latmin": 31.22313641827917}