{"latmax": 31.221523187003864, "centerlon": 121.41615100557615, "gridID": 253, "lonmin": 121.41599380040142, "centerlat": 31.22138874972586, "lonmax": 121.41630821075087, "latmin": 31.221254312447858}