{"latmax": 31.22905136405203, "centerlon": 121.40278856572486, "gridID": 220, "lonmin": 121.40247415537543, "centerlat": 31.228782510529236, "lonmax": 121.4031029760743, "latmin": 31.228513657006445}