{"latmax": 31.229589068038024, "centerlon": 121.40451782264681, "gridID": 526, "lonmin": 121.4043606174721, "centerlat": 31.229454642232746, "lonmax": 121.40467502782153, "latmin": 31.22932021642747}