{"latmax": 31.22905136405203, "centerlon": 121.40027328292933, "gridID": 216, "lonmin": 121.3999588725799, "centerlat": 31.228782510529236, "lonmax": 121.40058769327877, "latmin": 31.228513657006445}