{"latmax": 31.221523187003864, "centerlon": 121.39209861384383, "gridID": 103, "lonmin": 121.3917842034944, "centerlat": 31.221254312065454, "lonmax": 121.39241302419329, "latmin": 31.220985437127045}