{"latmax": 31.229857918883656, "centerlon": 121.39948725705572, "gridID": 529, "lonmin": 121.39933005188101, "centerlat": 31.22972349346084, "lonmax": 121.39964446223044, "latmin": 31.229589068038024}