{"latmax": 31.222060933821524, "centerlon": 121.39131258797025, "gridID": 276, "lonmin": 121.39115538279552, "centerlat": 31.22192649730831, "lonmax": 121.39146979314496, "latmin": 31.221792060795096}