{"latmax": 31.222060933821524, "centerlon": 121.39319905006691, "gridID": 279, "lonmin": 121.39304184489218, "centerlat": 31.221926497308313, "lonmax": 121.39335625524161, "latmin": 31.221792060795096}