{"latmax": 31.232546385269323, "centerlon": 121.40546105369513, "gridID": 648, "lonmin": 121.40530384852039, "centerlat": 31.232411963671144, "lonmax": 121.40561825886985, "latmin": 31.232277542072964}