{"latmax": 31.219641049051248, "centerlon": 121.40734751579177, "gridID": 117, "lonmin": 121.40719031061705, "centerlat": 31.21950660909651, "lonmax": 121.40750472096649, "latmin": 31.21937216914177}