{"latmax": 31.231739853385413, "centerlon": 121.40514664334566, "gridID": 619, "lonmin": 121.40498943817096, "centerlat": 31.231605430639814, "lonmax": 121.40530384852039, "latmin": 31.231471007894218}