{"latmax": 31.219641049051248, "centerlon": 121.40923397788845, "gridID": 122, "lonmin": 121.40907677271372, "centerlat": 31.21950660909651, "lonmax": 121.40939118306315, "latmin": 31.21937216914177}