{"latmax": 31.228513657006445, "centerlon": 121.40184533467655, "gridID": 89, "lonmin": 121.40121651397766, "centerlat": 31.227975945371508, "lonmax": 121.40247415537543, "latmin": 31.22743823373657}