{"latmax": 31.222329806083152, "centerlon": 121.39225581901857, "gridID": 295, "lonmin": 121.39209861384386, "centerlat": 31.22219536995234, "lonmax": 121.39241302419329, "latmin": 31.222060933821524}