{"latmax": 31.220985437127045, "centerlon": 121.40781913131595, "gridID": 87, "lonmin": 121.40750472096649, "centerlat": 31.220716560659056, "lonmax": 121.40813354166538, "latmin": 31.220447684191065}