{"latmax": 31.21775887362497, "centerlon": 121.41190646585869, "gridID": 10, "lonmin": 121.41127764515981, "centerlat": 31.21722110080525, "lonmax": 121.41253528655757, "latmin": 31.216683327985535}