{"latmax": 31.2306644668311, "centerlon": 121.40153092432709, "gridID": 251, "lonmin": 121.40121651397766, "centerlat": 31.230395617897752, "lonmax": 121.40184533467654, "latmin": 31.230126768964404}