{"latmax": 31.222329806083152, "centerlon": 121.39162699831967, "gridID": 293, "lonmin": 121.39146979314496, "centerlat": 31.22219536995234, "lonmax": 121.3917842034944, "latmin": 31.222060933821524}