{"latmax": 31.228513657006445, "centerlon": 121.40326018124902, "gridID": 471, "lonmin": 121.4031029760743, "centerlat": 31.228379229671376, "lonmax": 121.40341738642375, "latmin": 31.22824480233631}