{"latmax": 31.21937216914177, "centerlon": 121.40923397788843, "gridID": 107, "lonmin": 121.40907677271372, "centerlat": 31.219237728804654, "lonmax": 121.40939118306315, "latmin": 31.219103288467526}