{"latmax": 31.220985437127045, "centerlon": 121.4098627985873, "gridID": 202, "lonmin": 121.40970559341258, "centerlat": 31.220850999084245, "lonmax": 121.41002000376204, "latmin": 31.220716561041446}