{"latmax": 31.222060933821524, "centerlon": 121.40640428474345, "gridID": 281, "lonmin": 121.40624707956873, "centerlat": 31.221926497308313, "lonmax": 121.40656148991816, "latmin": 31.221792060795096}