{"latmax": 31.2236741559191, "centerlon": 121.41017720893677, "gridID": 364, "lonmin": 121.41002000376204, "centerlat": 31.22353972170032, "lonmax": 121.41033441411147, "latmin": 31.22340528748154}