{"latmax": 31.220985437127045, "centerlon": 121.4119064658587, "gridID": 35, "lonmin": 121.41127764515981, "centerlat": 31.220447682661508, "lonmax": 121.41253528655757, "latmin": 31.219909928195968}