{"latmax": 31.21937216914177, "centerlon": 121.40719031061705, "gridID": 47, "lonmin": 121.40687590026762, "centerlat": 31.219103288085144, "lonmax": 121.40750472096649, "latmin": 31.21883440702852}