{"latmax": 31.228513657006445, "centerlon": 121.39980166740517, "gridID": 465, "lonmin": 121.39964446223044, "centerlat": 31.228379229671376, "lonmax": 121.3999588725799, "latmin": 31.22824480233631}