{"latmax": 31.215069986584638, "centerlon": 121.40986279858731, "gridID": 7, "lonmin": 121.40970559341258, "centerlat": 31.214935540129645, "lonmax": 121.41002000376204, "latmin": 31.214801093674655}