{"latmax": 31.230395618280212, "centerlon": 121.40294577089956, "gridID": 558, "lonmin": 121.40278856572486, "centerlat": 31.230261193622308, "lonmax": 121.4031029760743, "latmin": 31.230126768964404}