{"latmax": 31.232277542072964, "centerlon": 121.40137371915239, "gridID": 638, "lonmin": 121.40121651397766, "centerlat": 31.23214312009231, "lonmax": 121.4015309243271, "latmin": 31.232008698111656}