{"latmax": 31.234428266225077, "centerlon": 121.4059326692193, "gridID": 301, "lonmin": 121.40561825886985, "centerlat": 31.234159428000954, "lonmax": 121.40624707956873, "latmin": 31.233890589776824}