{"latmax": 31.223943023591836, "centerlon": 121.39791520530852, "gridID": 365, "lonmin": 121.3977580001338, "centerlat": 31.223808589755468, "lonmax": 121.39807241048324, "latmin": 31.2236741559191}