{"latmax": 31.216683327985535, "centerlon": 121.41159205550923, "gridID": 14, "lonmin": 121.41127764515981, "centerlat": 31.216414439281476, "lonmax": 121.41190646585868, "latmin": 31.216145550577426}