{"latmax": 31.22609393743955, "centerlon": 121.40137371915239, "gridID": 424, "lonmin": 121.40121651397766, "centerlat": 31.225959506662544, "lonmax": 121.4015309243271, "latmin": 31.22582507588554}