{"depth": 80.38699340820312, "height": 200, "buildingCount": 4, "RTCy": 468.5120849609375, "gridID": 107, "RTCx": 111.41671943664551, "width": 110.44900131225586}