{"latmax": 31.226362798228674, "centerlon": 121.40074489845348, "gridID": 433, "lonmin": 121.40058769327877, "centerlat": 31.226228367834114, "lonmax": 121.4009021036282, "latmin": 31.22609393743955}