{"latmax": 31.220985437127045, "centerlon": 121.40703310544234, "gridID": 196, "lonmin": 121.40687590026762, "centerlat": 31.220850999084245, "lonmax": 121.40719031061705, "latmin": 31.220716561041446}