{"latmax": 31.22313641827917, "centerlon": 121.41017720893676, "gridID": 338, "lonmin": 121.41002000376204, "centerlat": 31.22300198329557, "lonmax": 121.41033441411147, "latmin": 31.22286754831197}