{"latmax": 31.22878251091168, "centerlon": 121.39980166740517, "gridID": 479, "lonmin": 121.39964446223044, "centerlat": 31.228648083959065, "lonmax": 121.3999588725799, "latmin": 31.228513657006445}