{"latmax": 31.22905136405203, "centerlon": 121.39901564153158, "gridID": 214, "lonmin": 121.39870123118213, "centerlat": 31.228782510529236, "lonmax": 121.39933005188101, "latmin": 31.228513657006445}