{"depth": 56.3909912109375, "height": 200, "buildingCount": 5, "RTCy": -587.9844482421875, "gridID": 1, "RTCx": -440.5546813964844, "width": 61.67401123046875}