{"latmax": 31.21829664185625, "centerlon": 121.4082907468401, "gridID": 68, "lonmin": 121.40813354166538, "centerlat": 31.218162199989614, "lonmax": 121.40844795201481, "latmin": 31.218027758122982}