{"depth": 100.10202026367188, "height": 200, "buildingCount": 9, "RTCy": 384.8570793999566, "gridID": 96, "RTCx": 96.4133054945204, "width": 135.95000839233398}