{"latmax": 31.2236741559191, "centerlon": 121.40656148991818, "gridID": 154, "lonmin": 121.40624707956873, "centerlat": 31.223405287099133, "lonmax": 121.40687590026762, "latmin": 31.22313641827917}