{"latmax": 31.22824480233631, "centerlon": 121.40514664334567, "gridID": 458, "lonmin": 121.40498943817096, "centerlat": 31.22811037461879, "lonmax": 121.40530384852039, "latmin": 31.227975946901278}