{"latmax": 31.218027758122982, "centerlon": 121.41520777452783, "gridID": 64, "lonmin": 121.4150505693531, "centerlat": 31.21789331587398, "lonmax": 121.41536497970253, "latmin": 31.21775887362497}