{"latmax": 31.22286754831197, "centerlon": 121.41017720893676, "gridID": 325, "lonmin": 121.41002000376204, "centerlat": 31.22273311294597, "lonmax": 121.41033441411147, "latmin": 31.22259867757997}