{"latmax": 31.21829664185625, "centerlon": 121.40860515718953, "gridID": 69, "lonmin": 121.40844795201481, "centerlat": 31.218162199989614, "lonmax": 121.40876236236426, "latmin": 31.218027758122982}