{"latmax": 31.232546385269323, "centerlon": 121.39948725705571, "gridID": 645, "lonmin": 121.39933005188101, "centerlat": 31.232411963671144, "lonmax": 121.39964446223044, "latmin": 31.232277542072964}