{"latmax": 31.2306644668311, "centerlon": 121.4005876932788, "gridID": 102, "lonmin": 121.3999588725799, "centerlat": 31.230126767434562, "lonmax": 121.40121651397766, "latmin": 31.229589068038024}