{"latmax": 31.22609393743955, "centerlon": 121.3985440260074, "gridID": 419, "lonmin": 121.39838682083267, "centerlat": 31.225959506662544, "lonmax": 121.39870123118213, "latmin": 31.22582507588554}