{"latmax": 31.22313641827917, "centerlon": 121.39304184489218, "gridID": 54, "lonmin": 121.39241302419329, "centerlat": 31.22259867605035, "lonmax": 121.39367066559105, "latmin": 31.222060933821524}