{"latmax": 31.2236741559191, "centerlon": 121.40844795201482, "gridID": 157, "lonmin": 121.40813354166538, "centerlat": 31.223405287099133, "lonmax": 121.40876236236426, "latmin": 31.22313641827917}