{"latmax": 31.225287350482986, "centerlon": 121.39791520530851, "gridID": 399, "lonmin": 121.3977580001338, "centerlat": 31.225152918558717, "lonmax": 121.39807241048324, "latmin": 31.225018486634443}