{"latmax": 31.218027758122982, "centerlon": 121.41237808138285, "gridID": 59, "lonmin": 121.41222087620811, "centerlat": 31.217893315873976, "lonmax": 121.41253528655757, "latmin": 31.21775887362497}