{"latmax": 31.22609393743955, "centerlon": 121.39697197426021, "gridID": 414, "lonmin": 121.39681476908548, "centerlat": 31.225959506662544, "lonmax": 121.39712917943491, "latmin": 31.22582507588554}