{"depth": 38.10498046875, "height": 200, "buildingCount": 1, "RTCy": 289.6812744140625, "gridID": 84, "RTCx": -27.900218963623047, "width": 74.67700576782227}