{"latmax": 31.22878251091168, "centerlon": 121.40640428474343, "gridID": 490, "lonmin": 121.40624707956873, "centerlat": 31.228648083959065, "lonmax": 121.40656148991816, "latmin": 31.228513657006445}