{"latmax": 31.220985437127045, "centerlon": 121.40640428474345, "gridID": 194, "lonmin": 121.40624707956873, "centerlat": 31.220850999084245, "lonmax": 121.40656148991816, "latmin": 31.220716561041446}