{"latmax": 31.22932021642747, "centerlon": 121.40608987439401, "gridID": 516, "lonmin": 121.40593266921928, "centerlat": 31.22918579023975, "lonmax": 121.40624707956873, "latmin": 31.22905136405203}