{"latmax": 31.227975946901278, "centerlon": 121.40090210362821, "gridID": 202, "lonmin": 121.40058769327877, "centerlat": 31.227707090318923, "lonmax": 121.40121651397766, "latmin": 31.22743823373657}