{"latmax": 31.226362798228674, "centerlon": 121.39681476908547, "gridID": 79, "lonmin": 121.39618594838657, "centerlat": 31.225825074355832, "lonmax": 121.39744358978434, "latmin": 31.225287350482986}