{"latmax": 31.21775887362497, "centerlon": 121.41112043998508, "gridID": 46, "lonmin": 121.41096323481035, "centerlat": 31.21762443099359, "lonmax": 121.41127764515981, "latmin": 31.217489988362214}