{"latmax": 31.225287350482986, "centerlon": 121.3977580001338, "gridID": 181, "lonmin": 121.39744358978434, "centerlat": 31.225018486252015, "lonmax": 121.39807241048324, "latmin": 31.224749622021044}