{"latmax": 31.2306644668311, "centerlon": 121.39933005188101, "gridID": 101, "lonmin": 121.39870123118213, "centerlat": 31.230126767434562, "lonmax": 121.3999588725799, "latmin": 31.229589068038024}