{"latmax": 31.22313641827917, "centerlon": 121.41064882446094, "gridID": 59, "lonmin": 121.41002000376204, "centerlat": 31.222598676050346, "lonmax": 121.41127764515981, "latmin": 31.222060933821524}