{"latmax": 31.2153388787299, "centerlon": 121.40829074684008, "gridID": 9, "lonmin": 121.40813354166538, "centerlat": 31.215204432657263, "lonmax": 121.40844795201481, "latmin": 31.215069986584638}