{"latmax": 31.220985437127045, "centerlon": 121.41662262110032, "gridID": 97, "lonmin": 121.41630821075087, "centerlat": 31.220716560659056, "lonmax": 121.41693703144976, "latmin": 31.220447684191065}