{"latmax": 31.21937216914177, "centerlon": 121.4120636710334, "gridID": 110, "lonmin": 121.41190646585868, "centerlat": 31.219237728804654, "lonmax": 121.41222087620811, "latmin": 31.219103288467526}