{"latmax": 31.221792060795096, "centerlon": 121.39351346041634, "gridID": 263, "lonmin": 121.39335625524161, "centerlat": 31.221657623899482, "lonmax": 121.39367066559105, "latmin": 31.221523187003864}