{"latmax": 31.235234775160144, "centerlon": 121.40640428474345, "gridID": 683, "lonmin": 121.40624707956873, "centerlat": 31.23510035738679, "lonmax": 121.40656148991816, "latmin": 31.23496593961344}