{"latmax": 31.226900517512377, "centerlon": 121.40137371915239, "gridID": 439, "lonmin": 121.40121651397766, "centerlat": 31.226766087882666, "lonmax": 121.4015309243271, "latmin": 31.226631658252956}