{"latmax": 31.224749622021044, "centerlon": 121.4090767727137, "gridID": 180, "lonmin": 121.40876236236426, "centerlat": 31.22448075626039, "lonmax": 121.40939118306315, "latmin": 31.224211890499742}