{"depth": 73.95199584960938, "height": 200, "buildingCount": 3, "RTCy": 356.0012512207031, "gridID": 90, "RTCx": -438.26611328125, "width": 81.44500732421875}