{"latmax": 31.222060933821524, "centerlon": 121.41693703144976, "gridID": 51, "lonmin": 121.41630821075087, "centerlat": 31.221523185474283, "lonmax": 121.41756585214863, "latmin": 31.220985437127045}