{"latmax": 31.22582507588554, "centerlon": 121.39775800013379, "gridID": 186, "lonmin": 121.39744358978434, "centerlat": 31.225556213184262, "lonmax": 121.39807241048324, "latmin": 31.225287350482986}