{"latmax": 31.23093331461706, "centerlon": 121.40231695020071, "gridID": 582, "lonmin": 121.402159745026, "centerlat": 31.23079889072408, "lonmax": 121.40247415537543, "latmin": 31.2306644668311}