{"latmax": 31.229589068038024, "centerlon": 121.40184533467654, "gridID": 95, "lonmin": 121.40121651397766, "centerlat": 31.22905136252223, "lonmax": 121.40247415537543, "latmin": 31.228513657006445}