{"latmax": 31.21937216914177, "centerlon": 121.40860515718953, "gridID": 105, "lonmin": 121.40844795201481, "centerlat": 31.219237728804647, "lonmax": 121.40876236236426, "latmin": 31.219103288467526}