{"depth": 64.17300415039062, "height": 200, "buildingCount": 4, "RTCy": -377.24562072753906, "gridID": 17, "RTCx": -178.9512481689453, "width": 85.66200256347656}