{"latmax": 31.235234775160144, "centerlon": 121.40577546404458, "gridID": 681, "lonmin": 121.40561825886985, "centerlat": 31.23510035738679, "lonmax": 121.40593266921928, "latmin": 31.23496593961344}