{"latmax": 31.221254312447858, "centerlon": 121.41520777452781, "gridID": 226, "lonmin": 121.4150505693531, "centerlat": 31.22111987478745, "lonmax": 121.41536497970253, "latmin": 31.220985437127045}