{"latmax": 31.21829664185625, "centerlon": 121.40719031061705, "gridID": 28, "lonmin": 121.40687590026762, "centerlat": 31.218027757740607, "lonmax": 121.40750472096649, "latmin": 31.21775887362497}