{"latmax": 31.221792060795096, "centerlon": 121.40923397788843, "gridID": 268, "lonmin": 121.40907677271372, "centerlat": 31.221657623899482, "lonmax": 121.40939118306315, "latmin": 31.221523187003864}