{"latmax": 31.22932021642747, "centerlon": 121.40326018124904, "gridID": 512, "lonmin": 121.4031029760743, "centerlat": 31.22918579023975, "lonmax": 121.40341738642375, "latmin": 31.22905136405203}