{"latmax": 31.226362798228674, "centerlon": 121.39178420349441, "gridID": 77, "lonmin": 121.39115538279552, "centerlat": 31.225825074355832, "lonmax": 121.39241302419329, "latmin": 31.225287350482986}