{"latmax": 31.231739853385413, "centerlon": 121.40184533467657, "gridID": 110, "lonmin": 121.40121651397766, "centerlat": 31.23120216010826, "lonmax": 121.40247415537543, "latmin": 31.2306644668311}