{"latmax": 31.22340528748154, "centerlon": 121.40891956753899, "gridID": 348, "lonmin": 121.40876236236426, "centerlat": 31.223270852880354, "lonmax": 121.40907677271372, "latmin": 31.22313641827917}