{"latmax": 31.223943023591836, "centerlon": 121.40860515718954, "gridID": 371, "lonmin": 121.40844795201481, "centerlat": 31.22380858975547, "lonmax": 121.40876236236426, "latmin": 31.2236741559191}