{"latmax": 31.222060933821524, "centerlon": 121.38958333104831, "gridID": 117, "lonmin": 121.38926892069887, "centerlat": 31.221792060412696, "lonmax": 121.38989774139776, "latmin": 31.221523187003864}