{"latmax": 31.22932021642747, "centerlon": 121.40011607775462, "gridID": 507, "lonmin": 121.3999588725799, "centerlat": 31.22918579023975, "lonmax": 121.40027328292933, "latmin": 31.22905136405203}