{"latmax": 31.229857918883656, "centerlon": 121.40451782264681, "gridID": 536, "lonmin": 121.4043606174721, "centerlat": 31.22972349346084, "lonmax": 121.40467502782153, "latmin": 31.229589068038024}