{"latmax": 31.221523187003864, "centerlon": 121.38974053622304, "gridID": 233, "lonmin": 121.38958333104833, "centerlat": 31.221388749725865, "lonmax": 121.38989774139776, "latmin": 31.221254312447858}