{"depth": 135.6520004272461, "height": 200, "buildingCount": 12, "RTCy": -167.27581405639648, "gridID": 39, "RTCx": 3.939681202173233, "width": 131.11499404907227}