{"latmax": 31.22313641827917, "centerlon": 121.40781913131593, "gridID": 147, "lonmin": 121.40750472096649, "centerlat": 31.22286754792957, "lonmax": 121.40813354166538, "latmin": 31.22259867757997}