{"latmax": 31.22905136405203, "centerlon": 121.4015309243271, "gridID": 218, "lonmin": 121.40121651397766, "centerlat": 31.228782510529236, "lonmax": 121.40184533467654, "latmin": 31.228513657006445}