{"latmax": 31.224749622021044, "centerlon": 121.40577546404457, "gridID": 398, "lonmin": 121.40561825886985, "centerlat": 31.224615189331928, "lonmax": 121.40593266921928, "latmin": 31.22448075664281}