{"latmax": 31.231202161638116, "centerlon": 121.40530384852042, "gridID": 266, "lonmin": 121.40498943817096, "centerlat": 31.23093331423461, "lonmax": 121.40561825886985, "latmin": 31.2306644668311}