{"latmax": 31.227975946901278, "centerlon": 121.402159745026, "gridID": 203, "lonmin": 121.40184533467654, "centerlat": 31.227707090318923, "lonmax": 121.40247415537543, "latmin": 31.22743823373657}