{"latmax": 31.233352910268707, "centerlon": 121.40703310544234, "gridID": 666, "lonmin": 121.40687590026762, "centerlat": 31.23321848981795, "lonmax": 121.40719031061705, "latmin": 31.233084069367195}