{"latmax": 31.226362798228674, "centerlon": 121.39634315356129, "gridID": 427, "lonmin": 121.39618594838657, "centerlat": 31.226228367834107, "lonmax": 121.39650035873603, "latmin": 31.22609393743955}