{"latmax": 31.21883440702852, "centerlon": 121.41426454347949, "gridID": 91, "lonmin": 121.41410733830477, "centerlat": 31.218699965926646, "lonmax": 121.4144217486542, "latmin": 31.21856552482477}