{"latmax": 31.2236741559191, "centerlon": 121.40781913131593, "gridID": 156, "lonmin": 121.40750472096649, "centerlat": 31.223405287099133, "lonmax": 121.40813354166538, "latmin": 31.22313641827917}