{"latmax": 31.229589068038024, "centerlon": 121.40215974502598, "gridID": 229, "lonmin": 121.40184533467654, "centerlat": 31.229320216045025, "lonmax": 121.40247415537543, "latmin": 31.22905136405203}