{"latmax": 31.227975946901278, "centerlon": 121.40656148991819, "gridID": 205, "lonmin": 121.40624707956873, "centerlat": 31.227707090318923, "lonmax": 121.40687590026762, "latmin": 31.22743823373657}