{"depth": 48.548980712890625, "height": 200, "buildingCount": 3, "RTCy": 464.69394938151044, "gridID": 108, "RTCx": 197.52228800455728, "width": 45.17698669433594}