{"latmax": 31.222060933821524, "centerlon": 121.40687590026761, "gridID": 45, "lonmin": 121.40624707956873, "centerlat": 31.221523185474283, "lonmax": 121.40750472096649, "latmin": 31.220985437127045}