{"latmax": 31.21856552482477, "centerlon": 121.41269249173227, "gridID": 82, "lonmin": 121.41253528655757, "centerlat": 31.21843108334051, "lonmax": 121.412849696907, "latmin": 31.21829664185625}