{"latmax": 31.220447684191065, "centerlon": 121.40860515718953, "gridID": 155, "lonmin": 121.40844795201481, "centerlat": 31.220313245383483, "lonmax": 121.40876236236426, "latmin": 31.220178806575902}