{"latmax": 31.220447684191065, "centerlon": 121.4097055934126, "gridID": 69, "lonmin": 121.40939118306315, "centerlat": 31.220178806193516, "lonmax": 121.41002000376204, "latmin": 31.219909928195968}