{"latmax": 31.226362798228674, "centerlon": 121.39901564153159, "gridID": 194, "lonmin": 121.39870123118213, "centerlat": 31.226093937057104, "lonmax": 121.39933005188101, "latmin": 31.22582507588554}