{"latmax": 31.223943023591836, "centerlon": 121.40766192614122, "gridID": 369, "lonmin": 121.40750472096649, "centerlat": 31.223808589755468, "lonmax": 121.40781913131595, "latmin": 31.2236741559191}