{"latmax": 31.221254312447858, "centerlon": 121.40860515718953, "gridID": 221, "lonmin": 121.40844795201481, "centerlat": 31.22111987478745, "lonmax": 121.40876236236426, "latmin": 31.220985437127045}