{"latmax": 31.232008698111656, "centerlon": 121.40105930880293, "gridID": 627, "lonmin": 121.4009021036282, "centerlat": 31.231874275748535, "lonmax": 121.40121651397766, "latmin": 31.231739853385413}