{"latmax": 31.228513657006445, "centerlon": 121.40687590026761, "gridID": 92, "lonmin": 121.40624707956873, "centerlat": 31.227975945371508, "lonmax": 121.40750472096649, "latmin": 31.22743823373657}