{"depth": 116.843994140625, "height": 200, "buildingCount": 9, "RTCy": 281.88624572753906, "gridID": 87, "RTCx": 292.53863525390625, "width": 88.81301879882812}