{"latmax": 31.231739853385413, "centerlon": 121.3983868208327, "gridID": 269, "lonmin": 121.39807241048324, "centerlat": 31.231471007511768, "lonmax": 121.39870123118213, "latmin": 31.231202161638116}