{"latmax": 31.219909928195968, "centerlon": 121.40719031061705, "gridID": 57, "lonmin": 121.40687590026762, "centerlat": 31.21964104866887, "lonmax": 121.40750472096649, "latmin": 31.21937216914177}