{"latmax": 31.225287350482986, "centerlon": 121.41096323481037, "gridID": 182, "lonmin": 121.4106488244609, "centerlat": 31.22501848625201, "lonmax": 121.41127764515981, "latmin": 31.224749622021044}