{"latmax": 31.231739853385413, "centerlon": 121.40215974502598, "gridID": 275, "lonmin": 121.40184533467654, "centerlat": 31.231471007511768, "lonmax": 121.40247415537543, "latmin": 31.231202161638116}