{"latmax": 31.2306644668311, "centerlon": 121.40404620712265, "gridID": 255, "lonmin": 121.4037317967732, "centerlat": 31.230395617897752, "lonmax": 121.4043606174721, "latmin": 31.230126768964404}