{"latmax": 31.224749622021044, "centerlon": 121.40420341229736, "gridID": 393, "lonmin": 121.40404620712263, "centerlat": 31.224615189331928, "lonmax": 121.4043606174721, "latmin": 31.22448075664281}