{"latmax": 31.221523187003864, "centerlon": 121.38958333104831, "gridID": 99, "lonmin": 121.38926892069887, "centerlat": 31.221254312065454, "lonmax": 121.38989774139776, "latmin": 31.220985437127045}