{"latmax": 31.22905136405203, "centerlon": 121.40608987439401, "gridID": 504, "lonmin": 121.40593266921928, "centerlat": 31.228916937481852, "lonmax": 121.40624707956873, "latmin": 31.22878251091168}