{"depth": 30.702011108398438, "height": 200, "buildingCount": 2, "RTCy": -194.7173614501953, "gridID": 33, "RTCx": -550.1069641113281, "width": 36.54296875}