{"latmax": 31.229589068038024, "centerlon": 121.4005876932788, "gridID": 94, "lonmin": 121.3999588725799, "centerlat": 31.229051362522235, "lonmax": 121.40121651397766, "latmin": 31.228513657006445}