{"latmax": 31.231202161638116, "centerlon": 121.40514664334567, "gridID": 594, "lonmin": 121.40498943817096, "centerlat": 31.23106773812759, "lonmax": 121.40530384852039, "latmin": 31.23093331461706}