{"latmax": 31.225287350482986, "centerlon": 121.40813354166536, "gridID": 74, "lonmin": 121.40750472096649, "centerlat": 31.224749620491366, "lonmax": 121.40876236236426, "latmin": 31.224211890499742}