{"latmax": 31.217221102334722, "centerlon": 121.40844795201481, "gridID": 17, "lonmin": 121.40813354166538, "centerlat": 31.216952215160124, "lonmax": 121.40876236236426, "latmin": 31.216683327985535}