{"latmax": 31.230126768964404, "centerlon": 121.40546105369512, "gridID": 551, "lonmin": 121.40530384852039, "centerlat": 31.22999234392403, "lonmax": 121.40561825886985, "latmin": 31.229857918883656}