{"latmax": 31.230126768964404, "centerlon": 121.40278856572486, "gridID": 240, "lonmin": 121.40247415537543, "centerlat": 31.229857918501214, "lonmax": 121.4031029760743, "latmin": 31.229589068038024}