{"latmax": 31.228513657006445, "centerlon": 121.406089874394, "gridID": 474, "lonmin": 121.40593266921928, "centerlat": 31.228379229671376, "lonmax": 121.40624707956873, "latmin": 31.22824480233631}