{"latmax": 31.224749622021044, "centerlon": 121.39901564153158, "gridID": 172, "lonmin": 121.39870123118213, "centerlat": 31.224480756260387, "lonmax": 121.39933005188101, "latmin": 31.224211890499742}