{"latmax": 31.2306644668311, "centerlon": 121.40420341229738, "gridID": 574, "lonmin": 121.40404620712263, "centerlat": 31.230530042555657, "lonmax": 121.4043606174721, "latmin": 31.230395618280212}