{"depth": 128.71200561523438, "height": 200, "buildingCount": 7, "RTCy": 395.08983939034596, "gridID": 95, "RTCx": 16.891282558441162, "width": 99.51099681854248}