{"latmax": 31.22905136405203, "centerlon": 121.40404620712265, "gridID": 222, "lonmin": 121.4037317967732, "centerlat": 31.22878251052924, "lonmax": 121.4043606174721, "latmin": 31.228513657006445}