{"latmax": 31.224211890499742, "centerlon": 121.40813354166538, "gridID": 65, "lonmin": 121.40750472096649, "centerlat": 31.223674154389457, "lonmax": 121.40876236236426, "latmin": 31.22313641827917}