{"latmax": 31.21883440702852, "centerlon": 121.40719031061704, "gridID": 38, "lonmin": 121.40687590026762, "centerlat": 31.218565524442383, "lonmax": 121.40750472096649, "latmin": 31.21829664185625}