{"latmax": 31.221792060795096, "centerlon": 121.39005494657248, "gridID": 258, "lonmin": 121.38989774139776, "centerlat": 31.221657623899482, "lonmax": 121.39021215174719, "latmin": 31.221523187003864}