{"depth": 84.04901123046875, "height": 200, "buildingCount": 4, "RTCy": 375.7141647338867, "gridID": 93, "RTCx": -174.3021583557129, "width": 98.85499572753906}