{"latmax": 31.224211890499742, "centerlon": 121.40719031061705, "gridID": 165, "lonmin": 121.40687590026762, "centerlat": 31.223943023209422, "lonmax": 121.40750472096649, "latmin": 31.2236741559191}