{"depth": 50.50299072265625, "height": 200, "buildingCount": 5, "RTCy": -591.0627685546875, "gridID": 2, "RTCx": -350.700146484375, "width": 77.89401245117188}