{"latmax": 31.224749622021044, "centerlon": 121.40844795201484, "gridID": 179, "lonmin": 121.40813354166538, "centerlat": 31.224480756260387, "lonmax": 121.40876236236426, "latmin": 31.224211890499742}