{"latmax": 31.230126768964404, "centerlon": 121.40483223299626, "gridID": 550, "lonmin": 121.40467502782153, "centerlat": 31.22999234392403, "lonmax": 121.40498943817096, "latmin": 31.229857918883656}