{"latmax": 31.237654260655706, "centerlon": 121.40891956753899, "gridID": 692, "lonmin": 121.40876236236426, "centerlat": 31.237519846324854, "lonmax": 121.40907677271372, "latmin": 31.23738543199401}