{"latmax": 31.231202161638116, "centerlon": 121.3985440260074, "gridID": 588, "lonmin": 121.39838682083267, "centerlat": 31.231067738127592, "lonmax": 121.39870123118213, "latmin": 31.23093331461706}