{"latmax": 31.224211890499742, "centerlon": 121.39791520530851, "gridID": 373, "lonmin": 121.3977580001338, "centerlat": 31.224077457045787, "lonmax": 121.39807241048324, "latmin": 31.223943023591836}