{"latmax": 31.230126768964404, "centerlon": 121.40451782264682, "gridID": 549, "lonmin": 121.4043606174721, "centerlat": 31.22999234392403, "lonmax": 121.40467502782153, "latmin": 31.229857918883656}