{"latmax": 31.224749622021044, "centerlon": 121.40341738642375, "gridID": 174, "lonmin": 121.4031029760743, "centerlat": 31.22448075626039, "lonmax": 121.4037317967732, "latmin": 31.224211890499742}