{"latmax": 31.227975946901278, "centerlon": 121.40278856572485, "gridID": 204, "lonmin": 121.40247415537543, "centerlat": 31.227707090318923, "lonmax": 121.4031029760743, "latmin": 31.22743823373657}