{"latmax": 31.228513657006445, "centerlon": 121.40043048810405, "gridID": 467, "lonmin": 121.40027328292933, "centerlat": 31.228379229671376, "lonmax": 121.40058769327877, "latmin": 31.22824480233631}