{"latmax": 31.22905136405203, "centerlon": 121.40640428474346, "gridID": 505, "lonmin": 121.40624707956873, "centerlat": 31.22891693748186, "lonmax": 121.40656148991816, "latmin": 31.22878251091168}