{"depth": 111.67499256134033, "height": 200, "buildingCount": 9, "RTCy": -69.38065168592665, "gridID": 53, "RTCx": 200.58855183919272, "width": 104.23300170898438}