{"latmax": 31.22609393743955, "centerlon": 121.39760079495908, "gridID": 416, "lonmin": 121.39744358978434, "centerlat": 31.225959506662544, "lonmax": 121.3977580001338, "latmin": 31.22582507588554}