{"latmax": 31.22905136405203, "centerlon": 121.4007448984535, "gridID": 496, "lonmin": 121.40058769327877, "centerlat": 31.22891693748186, "lonmax": 121.4009021036282, "latmin": 31.22878251091168}