{"latmax": 31.215607770110466, "centerlon": 121.40860515718953, "gridID": 13, "lonmin": 121.40844795201481, "centerlat": 31.21547332442018, "lonmax": 121.40876236236426, "latmin": 31.2153388787299}