{"latmax": 31.219909928195968, "centerlon": 121.40656148991818, "gridID": 56, "lonmin": 121.40624707956873, "centerlat": 31.21964104866887, "lonmax": 121.40687590026762, "latmin": 31.21937216914177}