{"latmax": 31.220447684191065, "centerlon": 121.41237808138284, "gridID": 162, "lonmin": 121.41222087620811, "centerlat": 31.220313245383483, "lonmax": 121.41253528655757, "latmin": 31.220178806575902}