{"depth": 160.81999969482422, "height": 200, "buildingCount": 5, "RTCy": 183.3376663208008, "gridID": 72, "RTCx": -99.51479949951172, "width": 100.64498901367188}