{"latmax": 31.222060933821524, "centerlon": 121.39178420349441, "gridID": 42, "lonmin": 121.39115538279552, "centerlat": 31.221523185474283, "lonmax": 121.39241302419329, "latmin": 31.220985437127045}