{"latmax": 31.228513657006445, "centerlon": 121.40027328292932, "gridID": 207, "lonmin": 121.3999588725799, "centerlat": 31.228244801953863, "lonmax": 121.40058769327877, "latmin": 31.227975946901278}