{"latmax": 31.22609393743955, "centerlon": 121.40011607775462, "gridID": 421, "lonmin": 121.3999588725799, "centerlat": 31.225959506662544, "lonmax": 121.40027328292933, "latmin": 31.22582507588554}