{"latmax": 31.22582507588554, "centerlon": 121.39760079495908, "gridID": 410, "lonmin": 121.39744358978434, "centerlat": 31.225690644726114, "lonmax": 121.3977580001338, "latmin": 31.22555621356669}