{"latmax": 31.228513657006445, "centerlon": 121.39933005188101, "gridID": 87, "lonmin": 121.39870123118213, "centerlat": 31.227975945371508, "lonmax": 121.3999588725799, "latmin": 31.22743823373657}