{"latmax": 31.222060933821524, "centerlon": 121.40671869509288, "gridID": 282, "lonmin": 121.40656148991816, "centerlat": 31.22192649730831, "lonmax": 121.40687590026762, "latmin": 31.221792060795096}