{"latmax": 31.21856552482477, "centerlon": 121.41237808138284, "gridID": 81, "lonmin": 121.41222087620811, "centerlat": 31.21843108334051, "lonmax": 121.41253528655757, "latmin": 31.21829664185625}