{"latmax": 31.226362798228674, "centerlon": 121.39712917943491, "gridID": 191, "lonmin": 121.39681476908548, "centerlat": 31.226093937057108, "lonmax": 121.39744358978434, "latmin": 31.22582507588554}