{"latmax": 31.231739853385413, "centerlon": 121.40105930880293, "gridID": 615, "lonmin": 121.4009021036282, "centerlat": 31.231605430639814, "lonmax": 121.40121651397766, "latmin": 31.231471007894218}