{"latmax": 31.224749622021044, "centerlon": 121.39524271733826, "gridID": 170, "lonmin": 121.39492830698882, "centerlat": 31.22448075626039, "lonmax": 121.39555712768771, "latmin": 31.224211890499742}