{"latmax": 31.2306644668311, "centerlon": 121.40215974502598, "gridID": 252, "lonmin": 121.40184533467654, "centerlat": 31.230395617897752, "lonmax": 121.40247415537543, "latmin": 31.230126768964404}