{"latmax": 31.232815227700733, "centerlon": 121.4053038485204, "gridID": 291, "lonmin": 121.40498943817096, "centerlat": 31.23254638488685, "lonmax": 121.40561825886985, "latmin": 31.232277542072964}