{"latmax": 31.215607770110466, "centerlon": 121.40813354166536, "gridID": 0, "lonmin": 121.40750472096649, "centerlat": 31.215069985055223, "lonmax": 121.40876236236426, "latmin": 31.214532199999983}