{"latmax": 31.220716561041446, "centerlon": 121.41615100557615, "gridID": 183, "lonmin": 121.41599380040142, "centerlat": 31.220582122616257, "lonmax": 121.41630821075087, "latmin": 31.220447684191065}