{"latmax": 31.216414439663847, "centerlon": 121.40954838823787, "gridID": 24, "lonmin": 121.40939118306315, "centerlat": 31.216279995120637, "lonmax": 121.40970559341258, "latmin": 31.216145550577426}