{"latmax": 31.214801093674655, "centerlon": 121.41049161928619, "gridID": 5, "lonmin": 121.41033441411147, "centerlat": 31.214666646837316, "lonmax": 121.4106488244609, "latmin": 31.214532199999983}