{"latmax": 31.23711660256729, "centerlon": 121.40561825886985, "gridID": 128, "lonmin": 121.40498943817096, "centerlat": 31.23657893988882, "lonmax": 121.40624707956873, "latmin": 31.236041277210337}