{"latmax": 31.232008698111656, "centerlon": 121.40200253985127, "gridID": 630, "lonmin": 121.40184533467654, "centerlat": 31.231874275748535, "lonmax": 121.402159745026, "latmin": 31.231739853385413}