{"latmax": 31.219909928195968, "centerlon": 121.4097055934126, "gridID": 61, "lonmin": 121.40939118306315, "centerlat": 31.21964104866887, "lonmax": 121.41002000376204, "latmin": 31.21937216914177}