{"latmax": 31.221523187003864, "centerlon": 121.40656148991819, "gridID": 107, "lonmin": 121.40624707956873, "centerlat": 31.221254312065454, "lonmax": 121.40687590026762, "latmin": 31.220985437127045}