{"latmax": 31.230126768964404, "centerlon": 121.40294577089958, "gridID": 545, "lonmin": 121.40278856572486, "centerlat": 31.22999234392403, "lonmax": 121.4031029760743, "latmin": 31.229857918883656}