{"depth": 111.94400787353516, "height": 200, "buildingCount": 10, "RTCy": 170.69174270629884, "gridID": 76, "RTCx": 306.45264587402346, "width": 103.58599853515625}