{"latmax": 31.21883440702852, "centerlon": 121.41363572278061, "gridID": 89, "lonmin": 121.4134785176059, "centerlat": 31.218699965926646, "lonmax": 121.41379292795534, "latmin": 31.21856552482477}