{"latmax": 31.229857918883656, "centerlon": 121.40420341229736, "gridID": 535, "lonmin": 121.40404620712263, "centerlat": 31.229723493460835, "lonmax": 121.4043606174721, "latmin": 31.229589068038024}