{"latmax": 31.22340528748154, "centerlon": 121.40766192614122, "gridID": 345, "lonmin": 121.40750472096649, "centerlat": 31.223270852880354, "lonmax": 121.40781913131595, "latmin": 31.22313641827917}