{"latmax": 31.222060933821524, "centerlon": 121.39194140866913, "gridID": 278, "lonmin": 121.3917842034944, "centerlat": 31.22192649730831, "lonmax": 121.39209861384386, "latmin": 31.221792060795096}