{"latmax": 31.231202161638116, "centerlon": 121.39838682083268, "gridID": 260, "lonmin": 121.39807241048324, "centerlat": 31.23093331423461, "lonmax": 121.39870123118213, "latmin": 31.2306644668311}