{"latmax": 31.232008698111656, "centerlon": 121.40137371915239, "gridID": 628, "lonmin": 121.40121651397766, "centerlat": 31.231874275748535, "lonmax": 121.4015309243271, "latmin": 31.231739853385413}