{"latmax": 31.216952215542488, "centerlon": 121.41112043998508, "gridID": 36, "lonmin": 121.41096323481035, "centerlat": 31.21681777176401, "lonmax": 121.41127764515981, "latmin": 31.216683327985535}