{"latmax": 31.231202161638116, "centerlon": 121.39791520530852, "gridID": 586, "lonmin": 121.3977580001338, "centerlat": 31.23106773812759, "lonmax": 121.39807241048324, "latmin": 31.23093331461706}