{"latmax": 31.220985437127045, "centerlon": 121.39036935692191, "gridID": 188, "lonmin": 121.39021215174719, "centerlat": 31.220850999084245, "lonmax": 121.39052656209662, "latmin": 31.220716561041446}