{"latmax": 31.231739853385413, "centerlon": 121.39933005188102, "gridID": 108, "lonmin": 121.39870123118213, "centerlat": 31.23120216010826, "lonmax": 121.3999588725799, "latmin": 31.2306644668311}