{"latmax": 31.22743823373657, "centerlon": 121.3917842034944, "gridID": 84, "lonmin": 121.39115538279552, "centerlat": 31.22690051598262, "lonmax": 121.39241302419329, "latmin": 31.226362798228674}