{"latmax": 31.232815227700733, "centerlon": 121.39964446223046, "gridID": 288, "lonmin": 121.39933005188101, "centerlat": 31.23254638488685, "lonmax": 121.3999588725799, "latmin": 31.232277542072964}