{"latmax": 31.234428266225077, "centerlon": 121.40608987439398, "gridID": 674, "lonmin": 121.40593266921928, "centerlat": 31.23429384730425, "lonmax": 121.40624707956873, "latmin": 31.234159428383425}