{"latmax": 31.22582507588554, "centerlon": 121.40153092432709, "gridID": 187, "lonmin": 121.40121651397766, "centerlat": 31.225556213184266, "lonmax": 121.40184533467654, "latmin": 31.225287350482986}