{"latmax": 31.216145550577426, "centerlon": 121.40781913131593, "gridID": 8, "lonmin": 121.40750472096649, "centerlat": 31.215876660343945, "lonmax": 121.40813354166538, "latmin": 31.215607770110466}