{"latmax": 31.23093331461706, "centerlon": 121.3985440260074, "gridID": 578, "lonmin": 121.39838682083267, "centerlat": 31.23079889072408, "lonmax": 121.39870123118213, "latmin": 31.2306644668311}