{"latmax": 31.22259867757997, "centerlon": 121.40656148991818, "gridID": 138, "lonmin": 121.40624707956873, "centerlat": 31.222329805700742, "lonmax": 121.40687590026762, "latmin": 31.222060933821524}