{"latmax": 31.2306644668311, "centerlon": 121.40310297607431, "gridID": 104, "lonmin": 121.40247415537543, "centerlat": 31.230126767434562, "lonmax": 121.4037317967732, "latmin": 31.229589068038024}