{"latmax": 31.23496593961344, "centerlon": 121.40593266921928, "gridID": 304, "lonmin": 121.40561825886985, "centerlat": 31.234697102919252, "lonmax": 121.40624707956873, "latmin": 31.234428266225077}