{"latmax": 31.233890589776824, "centerlon": 121.40687590026761, "gridID": 123, "lonmin": 121.40624707956873, "centerlat": 31.233352908738777, "lonmax": 121.40750472096649, "latmin": 31.232815227700733}