{"latmax": 31.229857918883656, "centerlon": 121.40074489845348, "gridID": 531, "lonmin": 121.40058769327877, "centerlat": 31.22972349346084, "lonmax": 121.4009021036282, "latmin": 31.229589068038024}