{"latmax": 31.232277542072964, "centerlon": 121.40404620712263, "gridID": 284, "lonmin": 121.4037317967732, "centerlat": 31.23200869772919, "lonmax": 121.4043606174721, "latmin": 31.231739853385413}