{"depth": 84.3389892578125, "height": 200, "buildingCount": 3, "RTCy": 388.0867004394531, "gridID": 89, "RTCx": -529.2637736002604, "width": 44.225006103515625}