{"latmax": 31.238191915684045, "centerlon": 121.4090767727137, "gridID": 313, "lonmin": 121.40876236236426, "centerlat": 31.237923088169875, "lonmax": 121.40939118306315, "latmin": 31.237654260655706}