{"latmax": 31.232008698111656, "centerlon": 121.39885843635685, "gridID": 622, "lonmin": 121.39870123118213, "centerlat": 31.231874275748535, "lonmax": 121.39901564153158, "latmin": 31.231739853385413}