{"latmax": 31.215069986584638, "centerlon": 121.40970559341258, "gridID": 2, "lonmin": 121.40939118306315, "centerlat": 31.214801093292312, "lonmax": 121.41002000376204, "latmin": 31.214532199999983}