{"latmax": 31.22878251091168, "centerlon": 121.40074489845348, "gridID": 481, "lonmin": 121.40058769327877, "centerlat": 31.228648083959065, "lonmax": 121.4009021036282, "latmin": 31.228513657006445}