{"latmax": 31.21775887362497, "centerlon": 121.41222087620812, "gridID": 24, "lonmin": 121.41190646585868, "centerlat": 31.217489987979846, "lonmax": 121.41253528655757, "latmin": 31.217221102334722}