{"latmax": 31.22259867757997, "centerlon": 121.40907677271369, "gridID": 142, "lonmin": 121.40876236236426, "centerlat": 31.222329805700742, "lonmax": 121.40939118306315, "latmin": 31.222060933821524}