{"depth": 106.0560073852539, "height": 200, "buildingCount": 4, "RTCy": 151.2181224822998, "gridID": 77, "RTCx": 369.6237030029297, "width": 36.048004150390625}