{"latmax": 31.21829664185625, "centerlon": 121.40844795201482, "gridID": 30, "lonmin": 121.40813354166538, "centerlat": 31.218027757740607, "lonmax": 121.40876236236426, "latmin": 31.21775887362497}