{"latmax": 31.222060933821524, "centerlon": 121.39146979314494, "gridID": 120, "lonmin": 121.39115538279552, "centerlat": 31.2217920604127, "lonmax": 121.3917842034944, "latmin": 31.221523187003864}