{"depth": 52.24198913574219, "height": 200, "buildingCount": 2, "RTCy": 58.697471618652344, "gridID": 62, "RTCx": -0.294389009475708, "width": 29.384999752044678}