{"latmax": 31.221792060795096, "centerlon": 121.40734751579177, "gridID": 264, "lonmin": 121.40719031061705, "centerlat": 31.221657623899482, "lonmax": 121.40750472096649, "latmin": 31.221523187003864}