{"latmax": 31.220447684191065, "centerlon": 121.40986279858731, "gridID": 158, "lonmin": 121.40970559341258, "centerlat": 31.220313245383483, "lonmax": 121.41002000376204, "latmin": 31.220178806575902}