{"latmax": 31.232277542072964, "centerlon": 121.39885843635685, "gridID": 634, "lonmin": 121.39870123118213, "centerlat": 31.23214312009231, "lonmax": 121.39901564153158, "latmin": 31.232008698111656}