{"latmax": 31.231471007894218, "centerlon": 121.3991728467063, "gridID": 597, "lonmin": 121.39901564153158, "centerlat": 31.231336584766165, "lonmax": 121.39933005188101, "latmin": 31.231202161638116}