{"depth": 101.40701293945312, "height": 200, "buildingCount": 5, "RTCy": -502.39109497070314, "gridID": 6, "RTCx": -546.8913208007813, "width": 98.82595825195312}