{"latmax": 31.22313641827917, "centerlon": 121.40891956753899, "gridID": 336, "lonmin": 121.40876236236426, "centerlat": 31.22300198329557, "lonmax": 121.40907677271372, "latmin": 31.22286754831197}