{"latmax": 31.233084069367195, "centerlon": 121.4067186950929, "gridID": 662, "lonmin": 121.40656148991816, "centerlat": 31.23294964853396, "lonmax": 121.40687590026762, "latmin": 31.232815227700733}