{"latmax": 31.233352910268707, "centerlon": 121.40734751579177, "gridID": 667, "lonmin": 121.40719031061705, "centerlat": 31.23321848981795, "lonmax": 121.40750472096649, "latmin": 31.233084069367195}