{"latmax": 31.237654260655706, "centerlon": 121.4090767727137, "gridID": 312, "lonmin": 121.40876236236426, "centerlat": 31.2373854316115, "lonmax": 121.40939118306315, "latmin": 31.23711660256729}