{"latmax": 31.21883440702852, "centerlon": 121.41284969690702, "gridID": 42, "lonmin": 121.41253528655757, "centerlat": 31.218565524442383, "lonmax": 121.41316410725643, "latmin": 31.21829664185625}