{"latmax": 31.226631658252956, "centerlon": 121.39225581901857, "gridID": 435, "lonmin": 121.39209861384386, "centerlat": 31.226497228240817, "lonmax": 121.39241302419329, "latmin": 31.226362798228674}