{"latmax": 31.219909928195968, "centerlon": 121.40939118306315, "gridID": 22, "lonmin": 121.40876236236426, "centerlat": 31.21937216761224, "lonmax": 121.41002000376204, "latmin": 31.21883440702852}