{"latmax": 31.21856552482477, "centerlon": 121.41457895382894, "gridID": 86, "lonmin": 121.4144217486542, "centerlat": 31.21843108334051, "lonmax": 121.41473615900367, "latmin": 31.21829664185625}