{"latmax": 31.224211890499742, "centerlon": 121.39807241048325, "gridID": 61, "lonmin": 121.39744358978434, "centerlat": 31.223674154389457, "lonmax": 121.39870123118213, "latmin": 31.22313641827917}