{"latmax": 31.219103288467526, "centerlon": 121.41269249173229, "gridID": 98, "lonmin": 121.41253528655757, "centerlat": 31.218968847748023, "lonmax": 121.412849696907, "latmin": 31.21883440702852}