{"latmax": 31.221523187003864, "centerlon": 121.39335625524161, "gridID": 105, "lonmin": 121.39304184489218, "centerlat": 31.221254312065454, "lonmax": 121.39367066559105, "latmin": 31.220985437127045}