{"latmax": 31.22340528748154, "centerlon": 121.40797633649068, "gridID": 346, "lonmin": 121.40781913131595, "centerlat": 31.223270852880354, "lonmax": 121.40813354166538, "latmin": 31.22313641827917}