{"latmax": 31.22313641827917, "centerlon": 121.39052656209662, "gridID": 52, "lonmin": 121.38989774139776, "centerlat": 31.22259867605035, "lonmax": 121.39115538279552, "latmin": 31.222060933821524}