{"latmax": 31.22448075664281, "centerlon": 121.4038890019479, "gridID": 383, "lonmin": 121.4037317967732, "centerlat": 31.224346323571275, "lonmax": 121.40404620712263, "latmin": 31.224211890499742}