{"latmax": 31.233890589776824, "centerlon": 121.40656148991818, "gridID": 300, "lonmin": 121.40624707956873, "centerlat": 31.23362175002276, "lonmax": 121.40687590026762, "latmin": 31.233352910268707}