{"latmax": 31.220985437127045, "centerlon": 121.40954838823787, "gridID": 201, "lonmin": 121.40939118306315, "centerlat": 31.220850999084245, "lonmax": 121.40970559341258, "latmin": 31.220716561041446}