{"depth": 191.97799682617188, "height": 200, "buildingCount": 4, "RTCy": -227.2505645751953, "gridID": 44, "RTCx": 574.7841644287109, "width": 106.6409912109375}