{"depth": 33.040985107421875, "height": 200, "buildingCount": 1, "RTCy": 458.8930358886719, "gridID": 110, "RTCx": 418.8763122558594, "width": 44.26300048828125}