{"latmax": 31.228513657006445, "centerlon": 121.40231695020071, "gridID": 468, "lonmin": 121.402159745026, "centerlat": 31.228379229671376, "lonmax": 121.40247415537543, "latmin": 31.22824480233631}