{"latmax": 31.21775887362497, "centerlon": 121.41174926068396, "gridID": 48, "lonmin": 121.41159205550925, "centerlat": 31.21762443099359, "lonmax": 121.41190646585868, "latmin": 31.217489988362214}