{"latmax": 31.22878251091168, "centerlon": 121.40420341229738, "gridID": 487, "lonmin": 121.40404620712263, "centerlat": 31.228648083959065, "lonmax": 121.4043606174721, "latmin": 31.228513657006445}