{"latmax": 31.219909928195968, "centerlon": 121.4090767727137, "gridID": 60, "lonmin": 121.40876236236426, "centerlat": 31.21964104866887, "lonmax": 121.40939118306315, "latmin": 31.21937216914177}