{"latmax": 31.224211890499742, "centerlon": 121.40215974502598, "gridID": 162, "lonmin": 121.40184533467654, "centerlat": 31.223943023209426, "lonmax": 121.40247415537543, "latmin": 31.2236741559191}