{"latmax": 31.219909928195968, "centerlon": 121.40829074684008, "gridID": 131, "lonmin": 121.40813354166538, "centerlat": 31.219775488623608, "lonmax": 121.40844795201481, "latmin": 31.219641049051248}