{"latmax": 31.22905136405203, "centerlon": 121.40200253985125, "gridID": 498, "lonmin": 121.40184533467654, "centerlat": 31.228916937481856, "lonmax": 121.402159745026, "latmin": 31.22878251091168}