{"latmax": 31.220985437127045, "centerlon": 121.40844795201482, "gridID": 88, "lonmin": 121.40813354166538, "centerlat": 31.220716560659056, "lonmax": 121.40876236236426, "latmin": 31.220447684191065}