{"latmax": 31.220716561041446, "centerlon": 121.392570229368, "gridID": 168, "lonmin": 121.39241302419329, "centerlat": 31.22058212261625, "lonmax": 121.39272743454272, "latmin": 31.220447684191065}