{"latmax": 31.231202161638116, "centerlon": 121.40593266921928, "gridID": 267, "lonmin": 121.40561825886985, "centerlat": 31.23093331423461, "lonmax": 121.40624707956873, "latmin": 31.2306644668311}