{"latmax": 31.228513657006445, "centerlon": 121.40640428474343, "gridID": 475, "lonmin": 121.40624707956873, "centerlat": 31.228379229671376, "lonmax": 121.40656148991816, "latmin": 31.22824480233631}