{"latmax": 31.220716561041446, "centerlon": 121.4136357227806, "gridID": 180, "lonmin": 121.4134785176059, "centerlat": 31.220582122616257, "lonmax": 121.41379292795534, "latmin": 31.220447684191065}