{"latmax": 31.220985437127045, "centerlon": 121.39146979314495, "gridID": 81, "lonmin": 121.39115538279552, "centerlat": 31.220716560659056, "lonmax": 121.3917842034944, "latmin": 31.220447684191065}