{"latmax": 31.22824480233631, "centerlon": 121.40608987439401, "gridID": 461, "lonmin": 121.40593266921928, "centerlat": 31.228110374618794, "lonmax": 121.40624707956873, "latmin": 31.227975946901278}