{"depth": 115.41499137878418, "height": 200, "buildingCount": 6, "RTCy": -57.43894704182943, "gridID": 50, "RTCx": -92.74717330932617, "width": 114.16199684143066}