{"latmax": 31.229589068038024, "centerlon": 121.4053038485204, "gridID": 234, "lonmin": 121.40498943817096, "centerlat": 31.229320216045025, "lonmax": 121.40561825886985, "latmin": 31.22905136405203}