{"latmax": 31.224749622021044, "centerlon": 121.40404620712265, "gridID": 175, "lonmin": 121.4037317967732, "centerlat": 31.22448075626039, "lonmax": 121.4043606174721, "latmin": 31.224211890499742}