{"latmax": 31.232815227700733, "centerlon": 121.40137371915239, "gridID": 650, "lonmin": 121.40121651397766, "centerlat": 31.23268080648503, "lonmax": 121.4015309243271, "latmin": 31.232546385269323}