{"latmax": 31.22448075664281, "centerlon": 121.40420341229736, "gridID": 384, "lonmin": 121.40404620712263, "centerlat": 31.224346323571275, "lonmax": 121.4043606174721, "latmin": 31.224211890499742}