{"latmax": 31.21883440702852, "centerlon": 121.41410733830477, "gridID": 44, "lonmin": 121.41379292795534, "centerlat": 31.218565524442383, "lonmax": 121.4144217486542, "latmin": 31.21829664185625}