{"latmax": 31.2306644668311, "centerlon": 121.40530384852039, "gridID": 257, "lonmin": 121.40498943817096, "centerlat": 31.230395617897752, "lonmax": 121.40561825886985, "latmin": 31.230126768964404}