{"latmax": 31.21775887362497, "centerlon": 121.41064882446094, "gridID": 9, "lonmin": 121.41002000376204, "centerlat": 31.217221100805254, "lonmax": 121.41127764515981, "latmin": 31.216683327985535}