{"latmax": 31.2236741559191, "centerlon": 121.4082907468401, "gridID": 358, "lonmin": 121.40813354166538, "centerlat": 31.22353972170032, "lonmax": 121.40844795201481, "latmin": 31.22340528748154}