{"latmax": 31.220985437127045, "centerlon": 121.38958333104831, "gridID": 78, "lonmin": 121.38926892069887, "centerlat": 31.220716560659056, "lonmax": 121.38989774139776, "latmin": 31.220447684191065}