{"latmax": 31.221523187003864, "centerlon": 121.39084097244607, "gridID": 101, "lonmin": 121.39052656209662, "centerlat": 31.221254312065454, "lonmax": 121.39115538279552, "latmin": 31.220985437127045}