{"depth": 175.5330047607422, "height": 200, "buildingCount": 12, "RTCy": 235.27367782592773, "gridID": 83, "RTCx": -127.36491203308105, "width": 144.52699661254883}