{"latmax": 31.220985437127045, "centerlon": 121.39335625524161, "gridID": 84, "lonmin": 121.39304184489218, "centerlat": 31.220716560659053, "lonmax": 121.39367066559105, "latmin": 31.220447684191065}