{"latmax": 31.217221102334722, "centerlon": 121.41222087620811, "gridID": 20, "lonmin": 121.41190646585868, "centerlat": 31.216952215160127, "lonmax": 121.41253528655757, "latmin": 31.216683327985535}