{"latmax": 31.221254312447858, "centerlon": 121.41646541592559, "gridID": 230, "lonmin": 121.41630821075087, "centerlat": 31.22111987478745, "lonmax": 121.4166226211003, "latmin": 31.220985437127045}