{"depth": 117.0159912109375, "height": 200, "buildingCount": 7, "RTCy": -257.68270002092635, "gridID": 29, "RTCx": 12.261098452976771, "width": 111.18199729919434}