{"latmax": 31.21883440702852, "centerlon": 121.41395013313006, "gridID": 90, "lonmin": 121.41379292795534, "centerlat": 31.218699965926646, "lonmax": 121.41410733830477, "latmin": 31.21856552482477}