{"latmax": 31.21856552482477, "centerlon": 121.41112043998508, "gridID": 78, "lonmin": 121.41096323481035, "centerlat": 31.21843108334051, "lonmax": 121.41127764515981, "latmin": 31.21829664185625}