{"latmax": 31.22555621356669, "centerlon": 121.3969719742602, "gridID": 403, "lonmin": 121.39681476908548, "centerlat": 31.22542178202484, "lonmax": 121.39712917943491, "latmin": 31.225287350482986}