{"latmax": 31.216952215542488, "centerlon": 121.4120636710334, "gridID": 38, "lonmin": 121.41190646585868, "centerlat": 31.216817771764013, "lonmax": 121.41222087620811, "latmin": 31.216683327985535}