{"latmax": 31.22313641827917, "centerlon": 121.40671869509288, "gridID": 330, "lonmin": 121.40656148991816, "centerlat": 31.22300198329557, "lonmax": 121.40687590026762, "latmin": 31.22286754831197}