{"latmax": 31.224211890499742, "centerlon": 121.40781913131593, "gridID": 166, "lonmin": 121.40750472096649, "centerlat": 31.223943023209426, "lonmax": 121.40813354166538, "latmin": 31.2236741559191}