{"latmax": 31.21937216914177, "centerlon": 121.4090767727137, "gridID": 50, "lonmin": 121.40876236236426, "centerlat": 31.219103288085144, "lonmax": 121.40939118306315, "latmin": 31.21883440702852}