{"latmax": 31.216683327985535, "centerlon": 121.41174926068398, "gridID": 30, "lonmin": 121.41159205550925, "centerlat": 31.216548883824693, "lonmax": 121.41190646585868, "latmin": 31.216414439663847}