{"latmax": 31.22313641827917, "centerlon": 121.40797633649066, "gridID": 333, "lonmin": 121.40781913131595, "centerlat": 31.22300198329557, "lonmax": 121.40813354166538, "latmin": 31.22286754831197}