{"latmax": 31.220985437127045, "centerlon": 121.41064882446095, "gridID": 34, "lonmin": 121.41002000376204, "centerlat": 31.220447682661504, "lonmax": 121.41127764515981, "latmin": 31.219909928195968}