{"latmax": 31.221254312447858, "centerlon": 121.40640428474345, "gridID": 217, "lonmin": 121.40624707956873, "centerlat": 31.22111987478745, "lonmax": 121.40656148991816, "latmin": 31.220985437127045}