{"latmax": 31.219909928195968, "centerlon": 121.41017720893676, "gridID": 136, "lonmin": 121.41002000376204, "centerlat": 31.219775488623608, "lonmax": 121.41033441411147, "latmin": 31.219641049051248}