{"latmax": 31.220985437127045, "centerlon": 121.39288463971745, "gridID": 193, "lonmin": 121.39272743454272, "centerlat": 31.220850999084245, "lonmax": 121.39304184489218, "latmin": 31.220716561041446}