{"latmax": 31.21856552482477, "centerlon": 121.41489336417838, "gridID": 87, "lonmin": 121.41473615900367, "centerlat": 31.21843108334051, "lonmax": 121.4150505693531, "latmin": 31.21829664185625}