{"latmax": 31.232815227700733, "centerlon": 121.40561825886985, "gridID": 118, "lonmin": 121.40498943817096, "centerlat": 31.232277540543073, "lonmax": 121.40624707956873, "latmin": 31.231739853385413}