{"latmax": 31.2306644668311, "centerlon": 121.40451782264681, "gridID": 575, "lonmin": 121.4043606174721, "centerlat": 31.230530042555657, "lonmax": 121.40467502782153, "latmin": 31.230395618280212}