{"latmax": 31.222060933821524, "centerlon": 121.39429948628992, "gridID": 44, "lonmin": 121.39367066559105, "centerlat": 31.221523185474283, "lonmax": 121.39492830698882, "latmin": 31.220985437127045}