{"latmax": 31.224749622021044, "centerlon": 121.40483223299626, "gridID": 395, "lonmin": 121.40467502782153, "centerlat": 31.224615189331928, "lonmax": 121.40498943817096, "latmin": 31.22448075664281}