{"latmax": 31.221523187003864, "centerlon": 121.40954838823787, "gridID": 251, "lonmin": 121.40939118306315, "centerlat": 31.221388749725865, "lonmax": 121.40970559341258, "latmin": 31.221254312447858}