{"latmax": 31.222329806083152, "centerlon": 121.3931990500669, "gridID": 297, "lonmin": 121.39304184489218, "centerlat": 31.22219536995234, "lonmax": 121.39335625524161, "latmin": 31.222060933821524}