{"depth": 83.4830322265625, "height": 200, "buildingCount": 5, "RTCy": 606.1239135742187, "gridID": 119, "RTCx": 214.75271301269532, "width": 96.48500061035156}