{"latmax": 31.228513657006445, "centerlon": 121.39964446223044, "gridID": 206, "lonmin": 121.39933005188101, "centerlat": 31.22824480195386, "lonmax": 121.3999588725799, "latmin": 31.227975946901278}