{"latmax": 31.22448075664281, "centerlon": 121.40326018124901, "gridID": 381, "lonmin": 121.4031029760743, "centerlat": 31.224346323571275, "lonmax": 121.40341738642375, "latmin": 31.224211890499742}