{"depth": 44.081024169921875, "height": 200, "buildingCount": 3, "RTCy": -380.9239807128906, "gridID": 21, "RTCx": 204.2758331298828, "width": 93.31500244140625}