{"latmax": 31.220985437127045, "centerlon": 121.41473615900367, "gridID": 95, "lonmin": 121.4144217486542, "centerlat": 31.220716560659056, "lonmax": 121.4150505693531, "latmin": 31.220447684191065}