{"latmax": 31.21856552482477, "centerlon": 121.40734751579178, "gridID": 77, "lonmin": 121.40719031061705, "centerlat": 31.21843108334051, "lonmax": 121.40750472096649, "latmin": 31.21829664185625}