{"latmax": 31.219641049051248, "centerlon": 121.40860515718953, "gridID": 120, "lonmin": 121.40844795201481, "centerlat": 31.219506609096513, "lonmax": 121.40876236236426, "latmin": 31.21937216914177}