{"latmax": 31.21937216914177, "centerlon": 121.40703310544234, "gridID": 102, "lonmin": 121.40687590026762, "centerlat": 31.219237728804654, "lonmax": 121.40719031061705, "latmin": 31.219103288467526}