{"latmax": 31.220985437127045, "centerlon": 121.40687590026761, "gridID": 31, "lonmin": 121.40624707956873, "centerlat": 31.220447682661508, "lonmax": 121.40750472096649, "latmin": 31.219909928195968}