{"latmax": 31.220447684191065, "centerlon": 121.41332131243117, "gridID": 164, "lonmin": 121.41316410725643, "centerlat": 31.220313245383483, "lonmax": 121.4134785176059, "latmin": 31.220178806575902}