{"latmax": 31.22313641827917, "centerlon": 121.41033441411147, "gridID": 151, "lonmin": 121.41002000376204, "centerlat": 31.222867547929567, "lonmax": 121.4106488244609, "latmin": 31.22259867757997}