{"latmax": 31.222060933821524, "centerlon": 121.40813354166536, "gridID": 46, "lonmin": 121.40750472096649, "centerlat": 31.221523185474283, "lonmax": 121.40876236236426, "latmin": 31.220985437127045}