{"latmax": 31.216952215542488, "centerlon": 121.41143485033453, "gridID": 37, "lonmin": 121.41127764515981, "centerlat": 31.216817771764013, "lonmax": 121.41159205550925, "latmin": 31.216683327985535}