{"latmax": 31.21775887362497, "centerlon": 121.41536497970255, "gridID": 27, "lonmin": 121.4150505693531, "centerlat": 31.217489987979846, "lonmax": 121.41567939005199, "latmin": 31.217221102334722}