{"latmax": 31.22259867757997, "centerlon": 121.41033441411147, "gridID": 143, "lonmin": 121.41002000376204, "centerlat": 31.22232980570075, "lonmax": 121.4106488244609, "latmin": 31.222060933821524}