{"latmax": 31.22905136405203, "centerlon": 121.39980166740517, "gridID": 493, "lonmin": 121.39964446223044, "centerlat": 31.228916937481856, "lonmax": 121.3999588725799, "latmin": 31.22878251091168}