{"latmax": 31.233352910268707, "centerlon": 121.40027328292933, "gridID": 293, "lonmin": 121.3999588725799, "centerlat": 31.233084068984724, "lonmax": 121.40058769327877, "latmin": 31.232815227700733}