{"depth": 109.69097900390625, "height": 200, "buildingCount": 9, "RTCy": -280.22769504123266, "gridID": 28, "RTCx": -83.98206244574652, "width": 104.95599746704102}