{"latmax": 31.227975946901278, "centerlon": 121.40027328292932, "gridID": 201, "lonmin": 121.3999588725799, "centerlat": 31.227707090318923, "lonmax": 121.40058769327877, "latmin": 31.22743823373657}