{"depth": 87.03298950195312, "height": 200, "buildingCount": 3, "RTCy": 451.3494059244792, "gridID": 109, "RTCx": 303.8204854329427, "width": 72.8590087890625}