{"latmax": 31.21937216914177, "centerlon": 121.40781913131593, "gridID": 48, "lonmin": 121.40750472096649, "centerlat": 31.219103288085144, "lonmax": 121.40813354166538, "latmin": 31.21883440702852}