{"latmax": 31.235503609941873, "centerlon": 121.40656148991819, "gridID": 307, "lonmin": 121.40624707956873, "centerlat": 31.235234774777656, "lonmax": 121.40687590026762, "latmin": 31.23496593961344}