{"latmax": 31.21775887362497, "centerlon": 121.41096323481037, "gridID": 22, "lonmin": 121.4106488244609, "centerlat": 31.217489987979846, "lonmax": 121.41127764515981, "latmin": 31.217221102334722}