{"latmax": 31.22259867757997, "centerlon": 121.4082907468401, "gridID": 314, "lonmin": 121.40813354166538, "centerlat": 31.22246424183156, "lonmax": 121.40844795201481, "latmin": 31.222329806083152}