{"latmax": 31.221523187003864, "centerlon": 121.4082907468401, "gridID": 247, "lonmin": 121.40813354166538, "centerlat": 31.221388749725865, "lonmax": 121.40844795201481, "latmin": 31.221254312447858}