{"latmax": 31.221792060795096, "centerlon": 121.41049161928619, "gridID": 270, "lonmin": 121.41033441411147, "centerlat": 31.221657623899482, "lonmax": 121.4106488244609, "latmin": 31.221523187003864}