{"latmax": 31.234428266225077, "centerlon": 121.40703310544232, "gridID": 676, "lonmin": 121.40687590026762, "centerlat": 31.23429384730425, "lonmax": 121.40719031061705, "latmin": 31.234159428383425}