{"latmax": 31.2236741559191, "centerlon": 121.40986279858731, "gridID": 363, "lonmin": 121.40970559341258, "centerlat": 31.22353972170032, "lonmax": 121.41002000376204, "latmin": 31.22340528748154}