{"latmax": 31.221523187003864, "centerlon": 121.38895451034942, "gridID": 98, "lonmin": 121.38864009999999, "centerlat": 31.221254312065454, "lonmax": 121.38926892069887, "latmin": 31.220985437127045}