{"latmax": 31.223943023591836, "centerlon": 121.40231695020071, "gridID": 366, "lonmin": 121.402159745026, "centerlat": 31.223808589755468, "lonmax": 121.40247415537543, "latmin": 31.2236741559191}