{"latmax": 31.214801093674655, "centerlon": 121.40954838823787, "gridID": 3, "lonmin": 121.40939118306315, "centerlat": 31.214666646837316, "lonmax": 121.40970559341258, "latmin": 31.214532199999983}