{"latmax": 31.2236741559191, "centerlon": 121.39775800013379, "gridID": 153, "lonmin": 121.39744358978434, "centerlat": 31.223405287099133, "lonmax": 121.39807241048324, "latmin": 31.22313641827917}