{"latmax": 31.234159428383425, "centerlon": 121.40577546404458, "gridID": 671, "lonmin": 121.40561825886985, "centerlat": 31.234025009080124, "lonmax": 121.40593266921928, "latmin": 31.233890589776824}