{"latmax": 31.229589068038024, "centerlon": 121.40404620712266, "gridID": 232, "lonmin": 121.4037317967732, "centerlat": 31.229320216045025, "lonmax": 121.4043606174721, "latmin": 31.22905136405203}