{"latmax": 31.222060933821524, "centerlon": 121.41567939005199, "gridID": 50, "lonmin": 121.4150505693531, "centerlat": 31.221523185474283, "lonmax": 121.41630821075087, "latmin": 31.220985437127045}