{"latmax": 31.219909928195968, "centerlon": 121.41033441411146, "gridID": 62, "lonmin": 121.41002000376204, "centerlat": 31.21964104866887, "lonmax": 121.4106488244609, "latmin": 31.21937216914177}