{"depth": 115.59098815917969, "height": 200, "buildingCount": 4, "RTCy": -293.19126892089844, "gridID": 30, "RTCx": 101.7663745880127, "width": 117.13100051879883}