{"latmax": 31.221792060795096, "centerlon": 121.38942612587358, "gridID": 257, "lonmin": 121.38926892069887, "centerlat": 31.221657623899482, "lonmax": 121.38958333104833, "latmin": 31.221523187003864}