{"depth": 136.88899612426758, "height": 200, "buildingCount": 6, "RTCy": -74.62733459472656, "gridID": 46, "RTCx": -438.79811604817706, "width": 113.62796020507812}