{"latmax": 31.22824480233631, "centerlon": 121.40357459159846, "gridID": 457, "lonmin": 121.40341738642375, "centerlat": 31.228110374618794, "lonmax": 121.4037317967732, "latmin": 31.227975946901278}