{"latmax": 31.224749622021044, "centerlon": 121.39964446223046, "gridID": 173, "lonmin": 121.39933005188101, "centerlat": 31.22448075626039, "lonmax": 121.3999588725799, "latmin": 31.224211890499742}