{"latmax": 31.220985437127045, "centerlon": 121.3909981776208, "gridID": 189, "lonmin": 121.39084097244609, "centerlat": 31.220850999084245, "lonmax": 121.39115538279552, "latmin": 31.220716561041446}