{"latmax": 31.22313641827917, "centerlon": 121.40986279858731, "gridID": 337, "lonmin": 121.40970559341258, "centerlat": 31.22300198329557, "lonmax": 121.41002000376204, "latmin": 31.22286754831197}