{"latmax": 31.222329806083152, "centerlon": 121.40797633649065, "gridID": 300, "lonmin": 121.40781913131595, "centerlat": 31.22219536995234, "lonmax": 121.40813354166538, "latmin": 31.222060933821524}