{"latmax": 31.220447684191065, "centerlon": 121.41426454347949, "gridID": 166, "lonmin": 121.41410733830477, "centerlat": 31.22031324538348, "lonmax": 121.4144217486542, "latmin": 31.220178806575902}