{"latmax": 31.229589068038024, "centerlon": 121.40546105369512, "gridID": 527, "lonmin": 121.40530384852039, "centerlat": 31.229454642232746, "lonmax": 121.40561825886985, "latmin": 31.22932021642747}