{"depth": 83.1929931640625, "height": 200, "buildingCount": 7, "RTCy": 489.5420880998884, "gridID": 106, "RTCx": 7.916726793561663, "width": 156.23499488830566}