{"latmax": 31.22448075664281, "centerlon": 121.40923397788843, "gridID": 387, "lonmin": 121.40907677271372, "centerlat": 31.224346323571275, "lonmax": 121.40939118306315, "latmin": 31.224211890499742}