{"latmax": 31.222060933821524, "centerlon": 121.40656148991818, "gridID": 123, "lonmin": 121.40624707956873, "centerlat": 31.221792060412696, "lonmax": 121.40687590026762, "latmin": 31.221523187003864}