{"latmax": 31.215607770110466, "centerlon": 121.4082907468401, "gridID": 12, "lonmin": 121.40813354166538, "centerlat": 31.21547332442018, "lonmax": 121.40844795201481, "latmin": 31.2153388787299}