{"latmax": 31.232008698111656, "centerlon": 121.39917284670629, "gridID": 623, "lonmin": 121.39901564153158, "centerlat": 31.231874275748535, "lonmax": 121.39933005188101, "latmin": 31.231739853385413}