{"latmax": 31.216145550577426, "centerlon": 121.40766192614122, "gridID": 17, "lonmin": 121.40750472096649, "centerlat": 31.21601110565187, "lonmax": 121.40781913131595, "latmin": 31.215876660726313}