{"latmax": 31.219909928195968, "centerlon": 121.41269249173229, "gridID": 138, "lonmin": 121.41253528655757, "centerlat": 31.219775488623608, "lonmax": 121.412849696907, "latmin": 31.219641049051248}