{"latmax": 31.22582507588554, "centerlon": 121.39209861384384, "gridID": 183, "lonmin": 121.3917842034944, "centerlat": 31.225556213184262, "lonmax": 121.39241302419329, "latmin": 31.225287350482986}