{"latmax": 31.22340528748154, "centerlon": 121.40703310544235, "gridID": 343, "lonmin": 121.40687590026762, "centerlat": 31.223270852880354, "lonmax": 121.40719031061705, "latmin": 31.22313641827917}