{"latmax": 31.22259867757997, "centerlon": 121.40734751579177, "gridID": 311, "lonmin": 121.40719031061705, "centerlat": 31.22246424183156, "lonmax": 121.40750472096649, "latmin": 31.222329806083152}