{"latmax": 31.221254312447858, "centerlon": 121.40954838823785, "gridID": 223, "lonmin": 121.40939118306315, "centerlat": 31.22111987478745, "lonmax": 121.40970559341258, "latmin": 31.220985437127045}