{"latmax": 31.2306644668311, "centerlon": 121.40184533467655, "gridID": 103, "lonmin": 121.40121651397766, "centerlat": 31.230126767434562, "lonmax": 121.40247415537543, "latmin": 31.229589068038024}