{"latmax": 31.21856552482477, "centerlon": 121.41363572278061, "gridID": 84, "lonmin": 121.4134785176059, "centerlat": 31.21843108334051, "lonmax": 121.41379292795534, "latmin": 31.21829664185625}