{"latmax": 31.220447684191065, "centerlon": 121.41143485033454, "gridID": 160, "lonmin": 121.41127764515981, "centerlat": 31.22031324538348, "lonmax": 121.41159205550925, "latmin": 31.220178806575902}