{"latmax": 31.22259867757997, "centerlon": 121.3909981776208, "gridID": 303, "lonmin": 121.39084097244609, "centerlat": 31.22246424183156, "lonmax": 121.39115538279552, "latmin": 31.222329806083152}