{"latmax": 31.223943023591836, "centerlon": 121.40797633649066, "gridID": 370, "lonmin": 121.40781913131595, "centerlat": 31.223808589755468, "lonmax": 121.40813354166538, "latmin": 31.2236741559191}