{"latmax": 31.224211890499742, "centerlon": 121.40860515718954, "gridID": 377, "lonmin": 121.40844795201481, "centerlat": 31.22407745704579, "lonmax": 121.40876236236426, "latmin": 31.223943023591836}