{"latmax": 31.220447684191065, "centerlon": 121.40891956753899, "gridID": 156, "lonmin": 121.40876236236426, "centerlat": 31.220313245383483, "lonmax": 121.40907677271372, "latmin": 31.220178806575902}