{"latmax": 31.232815227700733, "centerlon": 121.40436061747208, "gridID": 117, "lonmin": 121.4037317967732, "centerlat": 31.232277540543077, "lonmax": 121.40498943817096, "latmin": 31.231739853385413}