{"latmax": 31.219909928195968, "centerlon": 121.40844795201482, "gridID": 59, "lonmin": 121.40813354166538, "centerlat": 31.219641048668866, "lonmax": 121.40876236236426, "latmin": 31.21937216914177}