{"latmax": 31.215607770110466, "centerlon": 121.40844795201484, "gridID": 5, "lonmin": 121.40813354166538, "centerlat": 31.21533887834755, "lonmax": 121.40876236236426, "latmin": 31.215069986584638}