{"latmax": 31.22259867757997, "centerlon": 121.40891956753899, "gridID": 316, "lonmin": 121.40876236236426, "centerlat": 31.222464241831556, "lonmax": 121.40907677271372, "latmin": 31.222329806083152}