{"latmax": 31.220716561041446, "centerlon": 121.40891956753899, "gridID": 176, "lonmin": 121.40876236236426, "centerlat": 31.220582122616253, "lonmax": 121.40907677271372, "latmin": 31.220447684191065}