{"latmax": 31.224749622021044, "centerlon": 121.40514664334567, "gridID": 396, "lonmin": 121.40498943817096, "centerlat": 31.224615189331928, "lonmax": 121.40530384852039, "latmin": 31.22448075664281}