{"latmax": 31.219641049051248, "centerlon": 121.41017720893676, "gridID": 124, "lonmin": 121.41002000376204, "centerlat": 31.21950660909651, "lonmax": 121.41033441411147, "latmin": 31.21937216914177}