{"latmax": 31.220447684191065, "centerlon": 121.41457895382894, "gridID": 167, "lonmin": 121.4144217486542, "centerlat": 31.220313245383483, "lonmax": 121.41473615900367, "latmin": 31.220178806575902}