{"latmax": 31.22340528748154, "centerlon": 121.39760079495909, "gridID": 340, "lonmin": 121.39744358978434, "centerlat": 31.223270852880354, "lonmax": 121.3977580001338, "latmin": 31.22313641827917}