{"latmax": 31.221523187003864, "centerlon": 121.39021215174719, "gridID": 100, "lonmin": 121.38989774139776, "centerlat": 31.221254312065454, "lonmax": 121.39052656209662, "latmin": 31.220985437127045}