{"latmax": 31.231739853385413, "centerlon": 121.40074489845348, "gridID": 614, "lonmin": 121.40058769327877, "centerlat": 31.231605430639814, "lonmax": 121.4009021036282, "latmin": 31.231471007894218}