{"latmax": 31.2236741559191, "centerlon": 121.4097055934126, "gridID": 159, "lonmin": 121.40939118306315, "centerlat": 31.223405287099133, "lonmax": 121.41002000376204, "latmin": 31.22313641827917}