{"latmax": 31.22582507588554, "centerlon": 121.3969719742602, "gridID": 408, "lonmin": 121.39681476908548, "centerlat": 31.225690644726114, "lonmax": 121.39712917943491, "latmin": 31.22555621356669}