{"latmax": 31.220985437127045, "centerlon": 121.4090767727137, "gridID": 89, "lonmin": 121.40876236236426, "centerlat": 31.220716560659056, "lonmax": 121.40939118306315, "latmin": 31.220447684191065}