{"latmax": 31.22313641827917, "centerlon": 121.4068759002676, "gridID": 56, "lonmin": 121.40624707956873, "centerlat": 31.22259867605035, "lonmax": 121.40750472096649, "latmin": 31.222060933821524}