{"latmax": 31.220447684191065, "centerlon": 121.40656148991816, "gridID": 64, "lonmin": 121.40624707956873, "centerlat": 31.220178806193516, "lonmax": 121.40687590026762, "latmin": 31.219909928195968}