{"depth": 34.26301574707031, "height": 200, "buildingCount": 2, "RTCy": -138.82563400268555, "gridID": 42, "RTCx": 270.35687255859375, "width": 24.881988525390625}