{"latmax": 31.231202161638116, "centerlon": 121.39822961565795, "gridID": 587, "lonmin": 121.39807241048324, "centerlat": 31.23106773812759, "lonmax": 121.39838682083267, "latmin": 31.23093331461706}