{"latmax": 31.231739853385413, "centerlon": 121.39807241048324, "gridID": 107, "lonmin": 121.39744358978434, "centerlat": 31.231202160108257, "lonmax": 121.39870123118213, "latmin": 31.2306644668311}