{"latmax": 31.215607770110466, "centerlon": 121.40766192614123, "gridID": 11, "lonmin": 121.40750472096649, "centerlat": 31.215473324420177, "lonmax": 121.40781913131595, "latmin": 31.2153388787299}