{"latmax": 31.231471007894218, "centerlon": 121.40011607775462, "gridID": 599, "lonmin": 121.3999588725799, "centerlat": 31.231336584766165, "lonmax": 121.40027328292933, "latmin": 31.231202161638116}