{"latmax": 31.232815227700733, "centerlon": 121.40105930880293, "gridID": 649, "lonmin": 121.4009021036282, "centerlat": 31.23268080648503, "lonmax": 121.40121651397766, "latmin": 31.232546385269323}