{"latmax": 31.224211890499742, "centerlon": 121.40939118306315, "gridID": 66, "lonmin": 121.40876236236426, "centerlat": 31.223674154389457, "lonmax": 121.41002000376204, "latmin": 31.22313641827917}