{"latmax": 31.23093331461706, "centerlon": 121.40577546404457, "gridID": 585, "lonmin": 121.40561825886985, "centerlat": 31.23079889072408, "lonmax": 121.40593266921928, "latmin": 31.2306644668311}