{"latmax": 31.233890589776824, "centerlon": 121.40058769327878, "gridID": 120, "lonmin": 121.3999588725799, "centerlat": 31.233352908738777, "lonmax": 121.40121651397766, "latmin": 31.232815227700733}