{"latmax": 31.229589068038024, "centerlon": 121.40074489845348, "gridID": 519, "lonmin": 121.40058769327877, "centerlat": 31.229454642232746, "lonmax": 121.4009021036282, "latmin": 31.22932021642747}