{"latmax": 31.222060933821524, "centerlon": 121.41064882446094, "gridID": 48, "lonmin": 121.41002000376204, "centerlat": 31.221523185474283, "lonmax": 121.41127764515981, "latmin": 31.220985437127045}