{"latmax": 31.229589068038024, "centerlon": 121.40043048810405, "gridID": 518, "lonmin": 121.40027328292933, "centerlat": 31.229454642232746, "lonmax": 121.40058769327877, "latmin": 31.22932021642747}