{"latmax": 31.236041277210337, "centerlon": 121.40561825886985, "gridID": 126, "lonmin": 121.40498943817096, "centerlat": 31.23550360841189, "lonmax": 121.40624707956873, "latmin": 31.23496593961344}