{"depth": 196.53899383544922, "height": 200, "buildingCount": 6, "RTCy": 191.87214279174805, "gridID": 68, "RTCx": -466.02215576171875, "width": 142.89898681640625}