{"latmax": 31.21937216914177, "centerlon": 121.40656148991818, "gridID": 46, "lonmin": 121.40624707956873, "centerlat": 31.219103288085144, "lonmax": 121.40687590026762, "latmin": 31.21883440702852}