{"latmax": 31.22313641827917, "centerlon": 121.4082907468401, "gridID": 334, "lonmin": 121.40813354166538, "centerlat": 31.22300198329557, "lonmax": 121.40844795201481, "latmin": 31.22286754831197}