{"latmax": 31.22313641827917, "centerlon": 121.40656148991818, "gridID": 145, "lonmin": 121.40624707956873, "centerlat": 31.22286754792957, "lonmax": 121.40687590026762, "latmin": 31.22259867757997}