{"latmax": 31.219103288467526, "centerlon": 121.41457895382894, "gridID": 100, "lonmin": 121.4144217486542, "centerlat": 31.218968847748023, "lonmax": 121.41473615900367, "latmin": 31.21883440702852}