{"latmax": 31.227707090701376, "centerlon": 121.40074489845348, "gridID": 443, "lonmin": 121.40058769327877, "centerlat": 31.227572662218975, "lonmax": 121.4009021036282, "latmin": 31.22743823373657}