{"latmax": 31.236578941418827, "centerlon": 121.4053038485204, "gridID": 309, "lonmin": 121.40498943817096, "centerlat": 31.23631010931458, "lonmax": 121.40561825886985, "latmin": 31.236041277210337}