{"latmax": 31.231739853385413, "centerlon": 121.4015309243271, "gridID": 274, "lonmin": 121.40121651397766, "centerlat": 31.231471007511765, "lonmax": 121.40184533467654, "latmin": 31.231202161638116}