{"depth": 81.82501220703125, "height": 200, "buildingCount": 8, "RTCy": 614.7785415649414, "gridID": 116, "RTCx": -78.91616344451904, "width": 127.29700469970703}