{"latmax": 31.2306644668311, "centerlon": 121.3985440260074, "gridID": 566, "lonmin": 121.39838682083267, "centerlat": 31.230530042555657, "lonmax": 121.39870123118213, "latmin": 31.230395618280212}