{"latmax": 31.2153388787299, "centerlon": 121.40797633649066, "gridID": 8, "lonmin": 121.40781913131595, "centerlat": 31.215204432657263, "lonmax": 121.40813354166538, "latmin": 31.215069986584638}