{"latmax": 31.21775887362497, "centerlon": 121.41473615900367, "gridID": 26, "lonmin": 121.4144217486542, "centerlat": 31.217489987979846, "lonmax": 121.4150505693531, "latmin": 31.217221102334722}