{"latmax": 31.220985437127045, "centerlon": 121.40719031061705, "gridID": 86, "lonmin": 121.40687590026762, "centerlat": 31.220716560659053, "lonmax": 121.40750472096649, "latmin": 31.220447684191065}