{"latmax": 31.22905136405203, "centerlon": 121.40719031061705, "gridID": 226, "lonmin": 121.40687590026762, "centerlat": 31.228782510529236, "lonmax": 121.40750472096649, "latmin": 31.228513657006445}