{"latmax": 31.222060933821524, "centerlon": 121.39021215174719, "gridID": 118, "lonmin": 121.38989774139776, "centerlat": 31.221792060412696, "lonmax": 121.39052656209662, "latmin": 31.221523187003864}