{"depth": 107.14400482177734, "height": 200, "buildingCount": 9, "RTCy": -157.3318803575304, "gridID": 41, "RTCx": 191.19366624620227, "width": 110.09700012207031}