{"latmax": 31.220985437127045, "centerlon": 121.40656148991819, "gridID": 85, "lonmin": 121.40624707956873, "centerlat": 31.220716560659056, "lonmax": 121.40687590026762, "latmin": 31.220447684191065}