{"latmax": 31.231739853385413, "centerlon": 121.4053038485204, "gridID": 276, "lonmin": 121.40498943817096, "centerlat": 31.231471007511768, "lonmax": 121.40561825886985, "latmin": 31.231202161638116}