{"latmax": 31.216145550577426, "centerlon": 121.40797633649066, "gridID": 18, "lonmin": 121.40781913131595, "centerlat": 31.21601110565187, "lonmax": 121.40813354166538, "latmin": 31.215876660726313}