{"latmax": 31.22609393743955, "centerlon": 121.39728638460963, "gridID": 415, "lonmin": 121.39712917943491, "centerlat": 31.225959506662544, "lonmax": 121.39744358978434, "latmin": 31.22582507588554}