{"latmax": 31.220716561041446, "centerlon": 121.41395013313006, "gridID": 181, "lonmin": 121.41379292795534, "centerlat": 31.22058212261625, "lonmax": 121.41410733830477, "latmin": 31.220447684191065}