{"latmax": 31.222060933821524, "centerlon": 121.4082907468401, "gridID": 285, "lonmin": 121.40813354166538, "centerlat": 31.221926497308313, "lonmax": 121.40844795201481, "latmin": 31.221792060795096}