{"latmax": 31.2306644668311, "centerlon": 121.39822961565795, "gridID": 565, "lonmin": 121.39807241048324, "centerlat": 31.230530042555657, "lonmax": 121.39838682083267, "latmin": 31.230395618280212}