{"latmax": 31.22743823373657, "centerlon": 121.40184533467655, "gridID": 86, "lonmin": 121.40121651397766, "centerlat": 31.22690051598262, "lonmax": 121.40247415537543, "latmin": 31.226362798228674}