{"latmax": 31.232277542072964, "centerlon": 121.40215974502598, "gridID": 283, "lonmin": 121.40184533467654, "centerlat": 31.23200869772919, "lonmax": 121.40247415537543, "latmin": 31.231739853385413}