{"depth": 54.704010009765625, "height": 200, "buildingCount": 2, "RTCy": 207.4978485107422, "gridID": 73, "RTCx": 35.402198791503906, "width": 52.60199737548828}