{"latmax": 31.222060933821524, "centerlon": 121.39351346041634, "gridID": 280, "lonmin": 121.39335625524161, "centerlat": 31.221926497308313, "lonmax": 121.39367066559105, "latmin": 31.221792060795096}