{"latmax": 31.231739853385413, "centerlon": 121.40027328292933, "gridID": 272, "lonmin": 121.3999588725799, "centerlat": 31.23147100751176, "lonmax": 121.40058769327877, "latmin": 31.231202161638116}