{"depth": 140.95901489257812, "height": 200, "buildingCount": 5, "RTCy": 523.5346069335938, "gridID": 104, "RTCx": -174.0212829589844, "width": 109.97299194335938}