{"latmax": 31.232277542072964, "centerlon": 121.40027328292933, "gridID": 280, "lonmin": 121.3999588725799, "centerlat": 31.23200869772919, "lonmax": 121.40058769327877, "latmin": 31.231739853385413}