{"depth": 44.74200439453125, "height": 200, "buildingCount": 10, "RTCy": 586.9940490722656, "gridID": 112, "RTCx": -461.23284912109375, "width": 88.71701049804688}