{"latmax": 31.215607770110466, "centerlon": 121.4097055934126, "gridID": 6, "lonmin": 121.40939118306315, "centerlat": 31.215338878347556, "lonmax": 121.41002000376204, "latmin": 31.215069986584638}