{"latmax": 31.23496593961344, "centerlon": 121.40561825886985, "gridID": 124, "lonmin": 121.40498943817096, "centerlat": 31.234428264695136, "lonmax": 121.40624707956873, "latmin": 31.233890589776824}