{"latmax": 31.231739853385413, "centerlon": 121.4054610536951, "gridID": 620, "lonmin": 121.40530384852039, "centerlat": 31.231605430639814, "lonmax": 121.40561825886985, "latmin": 31.231471007894218}