{"latmax": 31.226362798228674, "centerlon": 121.39838682083268, "gridID": 193, "lonmin": 121.39807241048324, "centerlat": 31.22609393705711, "lonmax": 121.39870123118213, "latmin": 31.22582507588554}