{"latmax": 31.230126768964404, "centerlon": 121.40137371915237, "gridID": 543, "lonmin": 121.40121651397766, "centerlat": 31.22999234392403, "lonmax": 121.4015309243271, "latmin": 31.229857918883656}