{"latmax": 31.233621750405245, "centerlon": 121.40577546404458, "gridID": 668, "lonmin": 121.40561825886985, "centerlat": 31.233487330336978, "lonmax": 121.40593266921928, "latmin": 31.233352910268707}