{"latmax": 31.22878251091168, "centerlon": 121.39948725705572, "gridID": 478, "lonmin": 121.39933005188101, "centerlat": 31.228648083959065, "lonmax": 121.39964446223044, "latmin": 31.228513657006445}