{"latmax": 31.216683327985535, "centerlon": 121.4068759002676, "gridID": 3, "lonmin": 121.40624707956873, "centerlat": 31.216145549047997, "lonmax": 121.40750472096649, "latmin": 31.215607770110466}