{"latmax": 31.228513657006445, "centerlon": 121.40671869509289, "gridID": 476, "lonmin": 121.40656148991816, "centerlat": 31.228379229671376, "lonmax": 121.40687590026762, "latmin": 31.22824480233631}