{"latmax": 31.218027758122982, "centerlon": 121.41426454347948, "gridID": 61, "lonmin": 121.41410733830477, "centerlat": 31.21789331587398, "lonmax": 121.4144217486542, "latmin": 31.21775887362497}