{"latmax": 31.221792060795096, "centerlon": 121.41080602963564, "gridID": 271, "lonmin": 121.4106488244609, "centerlat": 31.221657623899482, "lonmax": 121.41096323481035, "latmin": 31.221523187003864}