{"latmax": 31.228513657006445, "centerlon": 121.40357459159848, "gridID": 472, "lonmin": 121.40341738642375, "centerlat": 31.228379229671376, "lonmax": 121.4037317967732, "latmin": 31.22824480233631}