{"depth": 61.467987060546875, "height": 200, "buildingCount": 8, "RTCy": -468.9783020019531, "gridID": 11, "RTCx": -87.84805202484131, "width": 110.28699111938477}