{"latmax": 31.220178806575902, "centerlon": 121.41395013313004, "gridID": 150, "lonmin": 121.41379292795534, "centerlat": 31.220044367385935, "lonmax": 121.41410733830477, "latmin": 31.219909928195968}