{"latmax": 31.21829664185625, "centerlon": 121.41489336417838, "gridID": 76, "lonmin": 121.41473615900367, "centerlat": 31.218162199989614, "lonmax": 121.4150505693531, "latmin": 31.218027758122982}