{"latmax": 31.216952215542488, "centerlon": 121.41457895382894, "gridID": 39, "lonmin": 121.4144217486542, "centerlat": 31.21681777176401, "lonmax": 121.41473615900367, "latmin": 31.216683327985535}