{"latmax": 31.22259867757997, "centerlon": 121.39131258797023, "gridID": 304, "lonmin": 121.39115538279552, "centerlat": 31.22246424183156, "lonmax": 121.39146979314496, "latmin": 31.222329806083152}