{"latmax": 31.221792060795096, "centerlon": 121.40954838823787, "gridID": 269, "lonmin": 121.40939118306315, "centerlat": 31.221657623899482, "lonmax": 121.40970559341258, "latmin": 31.221523187003864}