{"latmax": 31.21775887362497, "centerlon": 121.41143485033453, "gridID": 47, "lonmin": 121.41127764515981, "centerlat": 31.21762443099359, "lonmax": 121.41159205550925, "latmin": 31.217489988362214}