{"latmax": 31.232815227700733, "centerlon": 121.39901564153158, "gridID": 287, "lonmin": 121.39870123118213, "centerlat": 31.23254638488685, "lonmax": 121.39933005188101, "latmin": 31.232277542072964}