{"depth": 61.95899963378906, "height": 200, "buildingCount": 4, "RTCy": -197.32830047607422, "gridID": 37, "RTCx": -181.54777145385742, "width": 77.49400329589844}