{"latmax": 31.231739853385413, "centerlon": 121.39760079495909, "gridID": 604, "lonmin": 121.39744358978434, "centerlat": 31.231605430639814, "lonmax": 121.3977580001338, "latmin": 31.231471007894218}