{"latmax": 31.23093331461706, "centerlon": 121.40514664334567, "gridID": 584, "lonmin": 121.40498943817096, "centerlat": 31.23079889072408, "lonmax": 121.40530384852039, "latmin": 31.2306644668311}