{"latmax": 31.22878251091168, "centerlon": 121.40326018124904, "gridID": 484, "lonmin": 121.4031029760743, "centerlat": 31.228648083959065, "lonmax": 121.40341738642375, "latmin": 31.228513657006445}