{"latmax": 31.226362798228674, "centerlon": 121.39728638460963, "gridID": 430, "lonmin": 121.39712917943491, "centerlat": 31.226228367834114, "lonmax": 121.39744358978434, "latmin": 31.22609393743955}