{"latmax": 31.230126768964404, "centerlon": 121.40326018124904, "gridID": 546, "lonmin": 121.4031029760743, "centerlat": 31.22999234392403, "lonmax": 121.40341738642375, "latmin": 31.229857918883656}