{"latmax": 31.218027758122982, "centerlon": 121.40766192614122, "gridID": 54, "lonmin": 121.40750472096649, "centerlat": 31.217893315873976, "lonmax": 121.40781913131595, "latmin": 31.21775887362497}