{"latmax": 31.22932021642747, "centerlon": 121.40546105369512, "gridID": 514, "lonmin": 121.40530384852039, "centerlat": 31.22918579023975, "lonmax": 121.40561825886985, "latmin": 31.22905136405203}