{"latmax": 31.2236741559191, "centerlon": 121.40734751579177, "gridID": 355, "lonmin": 121.40719031061705, "centerlat": 31.22353972170032, "lonmax": 121.40750472096649, "latmin": 31.22340528748154}