{"latmax": 31.22582507588554, "centerlon": 121.39791520530852, "gridID": 411, "lonmin": 121.3977580001338, "centerlat": 31.225690644726114, "lonmax": 121.39807241048324, "latmin": 31.22555621356669}