{"latmax": 31.231739853385413, "centerlon": 121.40011607775462, "gridID": 612, "lonmin": 121.3999588725799, "centerlat": 31.231605430639814, "lonmax": 121.40027328292933, "latmin": 31.231471007894218}