{"latmax": 31.21937216914177, "centerlon": 121.41489336417838, "gridID": 113, "lonmin": 121.41473615900367, "centerlat": 31.219237728804654, "lonmax": 121.4150505693531, "latmin": 31.219103288467526}