{"latmax": 31.236041277210337, "centerlon": 121.40687590026761, "gridID": 127, "lonmin": 121.40624707956873, "centerlat": 31.23550360841189, "lonmax": 121.40750472096649, "latmin": 31.23496593961344}