{"latmax": 31.225287350482986, "centerlon": 121.40939118306315, "gridID": 75, "lonmin": 121.40876236236426, "centerlat": 31.224749620491366, "lonmax": 121.41002000376204, "latmin": 31.224211890499742}