{"latmax": 31.214801093674655, "centerlon": 121.40986279858731, "gridID": 4, "lonmin": 121.40970559341258, "centerlat": 31.21466664683732, "lonmax": 121.41002000376204, "latmin": 31.214532199999983}