{"latmax": 31.22582507588554, "centerlon": 121.39225581901859, "gridID": 407, "lonmin": 121.39209861384386, "centerlat": 31.225690644726114, "lonmax": 121.39241302419329, "latmin": 31.22555621356669}