{"latmax": 31.221523187003864, "centerlon": 121.41080602963564, "gridID": 252, "lonmin": 121.4106488244609, "centerlat": 31.22138874972586, "lonmax": 121.41096323481035, "latmin": 31.221254312447858}