{"latmax": 31.21829664185625, "centerlon": 121.4111204399851, "gridID": 70, "lonmin": 121.41096323481035, "centerlat": 31.21816219998961, "lonmax": 121.41127764515981, "latmin": 31.218027758122982}