{"latmax": 31.221254312447858, "centerlon": 121.41112043998508, "gridID": 225, "lonmin": 121.41096323481035, "centerlat": 31.22111987478745, "lonmax": 121.41127764515981, "latmin": 31.220985437127045}