{"latmax": 31.230395618280212, "centerlon": 121.40357459159847, "gridID": 560, "lonmin": 121.40341738642375, "centerlat": 31.230261193622308, "lonmax": 121.4037317967732, "latmin": 31.230126768964404}