{"latmax": 31.222329806083152, "centerlon": 121.40640428474345, "gridID": 298, "lonmin": 121.40624707956873, "centerlat": 31.22219536995234, "lonmax": 121.40656148991816, "latmin": 31.222060933821524}