{"latmax": 31.222060933821524, "centerlon": 121.40797633649066, "gridID": 284, "lonmin": 121.40781913131595, "centerlat": 31.221926497308313, "lonmax": 121.40813354166538, "latmin": 31.221792060795096}