{"latmax": 31.216683327985535, "centerlon": 121.40891956753897, "gridID": 28, "lonmin": 121.40876236236426, "centerlat": 31.216548883824697, "lonmax": 121.40907677271372, "latmin": 31.216414439663847}