{"latmax": 31.224211890499742, "centerlon": 121.40844795201481, "gridID": 167, "lonmin": 121.40813354166538, "centerlat": 31.223943023209422, "lonmax": 121.40876236236426, "latmin": 31.2236741559191}