{"latmax": 31.220447684191065, "centerlon": 121.40797633649066, "gridID": 153, "lonmin": 121.40781913131595, "centerlat": 31.22031324538348, "lonmax": 121.40813354166538, "latmin": 31.220178806575902}