{"latmax": 31.22286754831197, "centerlon": 121.4082907468401, "gridID": 323, "lonmin": 121.40813354166538, "centerlat": 31.22273311294597, "lonmax": 121.40844795201481, "latmin": 31.22259867757997}