{"latmax": 31.216952215542488, "centerlon": 121.4082907468401, "gridID": 34, "lonmin": 121.40813354166538, "centerlat": 31.216817771764013, "lonmax": 121.40844795201481, "latmin": 31.216683327985535}