{"latmax": 31.22932021642747, "centerlon": 121.40263136055015, "gridID": 510, "lonmin": 121.40247415537543, "centerlat": 31.22918579023975, "lonmax": 121.40278856572486, "latmin": 31.22905136405203}