{"latmax": 31.229857918883656, "centerlon": 121.40483223299624, "gridID": 537, "lonmin": 121.40467502782153, "centerlat": 31.22972349346084, "lonmax": 121.40498943817096, "latmin": 31.229589068038024}