{"latmax": 31.229589068038024, "centerlon": 121.40090210362821, "gridID": 228, "lonmin": 121.40058769327877, "centerlat": 31.229320216045025, "lonmax": 121.40121651397766, "latmin": 31.22905136405203}