{"latmax": 31.215607770110466, "centerlon": 121.40781913131593, "gridID": 4, "lonmin": 121.40750472096649, "centerlat": 31.215338878347556, "lonmax": 121.40813354166538, "latmin": 31.215069986584638}