{"latmax": 31.230126768964404, "centerlon": 121.40467502782153, "gridID": 243, "lonmin": 121.4043606174721, "centerlat": 31.229857918501214, "lonmax": 121.40498943817096, "latmin": 31.229589068038024}