{"latmax": 31.233352910268707, "centerlon": 121.40671869509289, "gridID": 665, "lonmin": 121.40656148991816, "centerlat": 31.23321848981795, "lonmax": 121.40687590026762, "latmin": 31.233084069367195}