{"latmax": 31.22313641827917, "centerlon": 121.40860515718953, "gridID": 335, "lonmin": 121.40844795201481, "centerlat": 31.22300198329557, "lonmax": 121.40876236236426, "latmin": 31.22286754831197}