{"latmax": 31.231739853385413, "centerlon": 121.39822961565795, "gridID": 606, "lonmin": 121.39807241048324, "centerlat": 31.231605430639814, "lonmax": 121.39838682083267, "latmin": 31.231471007894218}