{"latmax": 31.22905136405203, "centerlon": 121.40043048810406, "gridID": 495, "lonmin": 121.40027328292933, "centerlat": 31.22891693748186, "lonmax": 121.40058769327877, "latmin": 31.22878251091168}