{"latmax": 31.2236741559191, "centerlon": 121.40860515718953, "gridID": 359, "lonmin": 121.40844795201481, "centerlat": 31.22353972170032, "lonmax": 121.40876236236426, "latmin": 31.22340528748154}