{"depth": 39.9420166015625, "height": 200, "buildingCount": 4, "RTCy": 279.97469329833984, "gridID": 80, "RTCx": -399.7217483520508, "width": 16.649017333984375}