{"latmax": 31.220985437127045, "centerlon": 121.41599380040141, "gridID": 96, "lonmin": 121.41567939005199, "centerlat": 31.220716560659056, "lonmax": 121.41630821075087, "latmin": 31.220447684191065}