{"latmax": 31.216414439663847, "centerlon": 121.40891956753899, "gridID": 22, "lonmin": 121.40876236236426, "centerlat": 31.216279995120637, "lonmax": 121.40907677271372, "latmin": 31.216145550577426}