{"latmax": 31.226362798228674, "centerlon": 121.40058769327878, "gridID": 82, "lonmin": 121.3999588725799, "centerlat": 31.225825074355832, "lonmax": 121.40121651397766, "latmin": 31.225287350482986}