{"latmax": 31.220178806575902, "centerlon": 121.40640428474345, "gridID": 140, "lonmin": 121.40624707956873, "centerlat": 31.220044367385935, "lonmax": 121.40656148991816, "latmin": 31.219909928195968}