{"latmax": 31.226362798228674, "centerlon": 121.40137371915239, "gridID": 434, "lonmin": 121.40121651397766, "centerlat": 31.22622836783411, "lonmax": 121.4015309243271, "latmin": 31.22609393743955}