{"latmax": 31.221523187003864, "centerlon": 121.40907677271369, "gridID": 110, "lonmin": 121.40876236236426, "centerlat": 31.221254312065454, "lonmax": 121.40939118306315, "latmin": 31.220985437127045}