{"latmax": 31.220985437127045, "centerlon": 121.38926892069888, "gridID": 27, "lonmin": 121.38864009999999, "centerlat": 31.220447682661504, "lonmax": 121.38989774139776, "latmin": 31.219909928195968}