{"latmax": 31.22905136405203, "centerlon": 121.39964446223046, "gridID": 215, "lonmin": 121.39933005188101, "centerlat": 31.22878251052924, "lonmax": 121.3999588725799, "latmin": 31.228513657006445}