{"latmax": 31.2236741559191, "centerlon": 121.39760079495908, "gridID": 352, "lonmin": 121.39744358978434, "centerlat": 31.22353972170032, "lonmax": 121.3977580001338, "latmin": 31.22340528748154}