{"latmax": 31.220985437127045, "centerlon": 121.41567939005199, "gridID": 38, "lonmin": 121.4150505693531, "centerlat": 31.220447682661504, "lonmax": 121.41630821075087, "latmin": 31.219909928195968}