{"latmax": 31.220985437127045, "centerlon": 121.39052656209664, "gridID": 28, "lonmin": 121.38989774139776, "centerlat": 31.220447682661508, "lonmax": 121.39115538279552, "latmin": 31.219909928195968}