{"latmax": 31.232008698111656, "centerlon": 121.40546105369512, "gridID": 633, "lonmin": 121.40530384852039, "centerlat": 31.231874275748535, "lonmax": 121.40561825886985, "latmin": 31.231739853385413}