{"depth": 89.09099578857422, "height": 200, "buildingCount": 4, "RTCy": 159.9696044921875, "gridID": 71, "RTCx": -166.44303512573242, "width": 48.44200134277344}