{"latmax": 31.224749622021044, "centerlon": 121.40593266921928, "gridID": 178, "lonmin": 121.40561825886985, "centerlat": 31.224480756260387, "lonmax": 121.40624707956873, "latmin": 31.224211890499742}