{"latmax": 31.220716561041446, "centerlon": 121.40734751579177, "gridID": 172, "lonmin": 121.40719031061705, "centerlat": 31.22058212261625, "lonmax": 121.40750472096649, "latmin": 31.220447684191065}