{"latmax": 31.22313641827917, "centerlon": 121.40719031061705, "gridID": 146, "lonmin": 121.40687590026762, "centerlat": 31.222867547929567, "lonmax": 121.40750472096649, "latmin": 31.22259867757997}