{"depth": 98.95101642608643, "height": 200, "buildingCount": 4, "RTCy": -53.64554977416992, "gridID": 55, "RTCx": 368.607421875, "width": 58.989990234375}