{"latmax": 31.22609393743955, "centerlon": 121.40043048810405, "gridID": 422, "lonmin": 121.40027328292933, "centerlat": 31.225959506662544, "lonmax": 121.40058769327877, "latmin": 31.22582507588554}