{"latmax": 31.225287350482986, "centerlon": 121.41064882446094, "gridID": 76, "lonmin": 121.41002000376204, "centerlat": 31.224749620491366, "lonmax": 121.41127764515981, "latmin": 31.224211890499742}