{"latmax": 31.217221102334722, "centerlon": 121.4120636710334, "gridID": 42, "lonmin": 121.41190646585868, "centerlat": 31.217086658938605, "lonmax": 121.41222087620811, "latmin": 31.216952215542488}