{"latmax": 31.22340528748154, "centerlon": 121.39791520530851, "gridID": 341, "lonmin": 121.3977580001338, "centerlat": 31.223270852880354, "lonmax": 121.39807241048324, "latmin": 31.22313641827917}