{"latmax": 31.220716561041446, "centerlon": 121.40829074684008, "gridID": 175, "lonmin": 121.40813354166538, "centerlat": 31.22058212261625, "lonmax": 121.40844795201481, "latmin": 31.220447684191065}