{"latmax": 31.21829664185625, "centerlon": 121.41363572278061, "gridID": 73, "lonmin": 121.4134785176059, "centerlat": 31.218162199989614, "lonmax": 121.41379292795534, "latmin": 31.218027758122982}