{"latmax": 31.22878251091168, "centerlon": 121.40577546404458, "gridID": 489, "lonmin": 121.40561825886985, "centerlat": 31.228648083959065, "lonmax": 121.40593266921928, "latmin": 31.228513657006445}