{"depth": 96.552001953125, "height": 200, "buildingCount": 15, "RTCy": 504.00148315429686, "gridID": 102, "RTCx": -373.7229736328125, "width": 102.06298828125}