{"latmax": 31.22932021642747, "centerlon": 121.40420341229736, "gridID": 513, "lonmin": 121.40404620712263, "centerlat": 31.22918579023975, "lonmax": 121.4043606174721, "latmin": 31.22905136405203}