{"latmax": 31.22878251091168, "centerlon": 121.4038890019479, "gridID": 486, "lonmin": 121.4037317967732, "centerlat": 31.228648083959065, "lonmax": 121.40404620712263, "latmin": 31.228513657006445}