{"latmax": 31.220178806575902, "centerlon": 121.41017720893676, "gridID": 146, "lonmin": 121.41002000376204, "centerlat": 31.220044367385935, "lonmax": 121.41033441411147, "latmin": 31.219909928195968}