{"latmax": 31.22259867757997, "centerlon": 121.39021215174719, "gridID": 132, "lonmin": 121.38989774139776, "centerlat": 31.22232980570075, "lonmax": 121.39052656209662, "latmin": 31.222060933821524}