{"latmax": 31.218027758122982, "centerlon": 121.41489336417838, "gridID": 63, "lonmin": 121.41473615900367, "centerlat": 31.21789331587398, "lonmax": 121.4150505693531, "latmin": 31.21775887362497}