{"latmax": 31.222060933821524, "centerlon": 121.40939118306315, "gridID": 47, "lonmin": 121.40876236236426, "centerlat": 31.221523185474286, "lonmax": 121.41002000376204, "latmin": 31.220985437127045}