{"latmax": 31.22286754831197, "centerlon": 121.40766192614123, "gridID": 321, "lonmin": 121.40750472096649, "centerlat": 31.22273311294597, "lonmax": 121.40781913131595, "latmin": 31.22259867757997}