{"latmax": 31.230395618280212, "centerlon": 121.40451782264681, "gridID": 562, "lonmin": 121.4043606174721, "centerlat": 31.230261193622308, "lonmax": 121.40467502782153, "latmin": 31.230126768964404}