{"latmax": 31.215876660726313, "centerlon": 121.40766192614123, "gridID": 14, "lonmin": 121.40750472096649, "centerlat": 31.215742215418384, "lonmax": 121.40781913131595, "latmin": 31.215607770110466}