{"latmax": 31.2306644668311, "centerlon": 121.39807241048325, "gridID": 100, "lonmin": 121.39744358978434, "centerlat": 31.23012676743456, "lonmax": 121.39870123118213, "latmin": 31.229589068038024}