{"latmax": 31.2236741559191, "centerlon": 121.40719031061705, "gridID": 155, "lonmin": 121.40687590026762, "centerlat": 31.223405287099133, "lonmax": 121.40750472096649, "latmin": 31.22313641827917}