{"latmax": 31.226631658252956, "centerlon": 121.39257022936802, "gridID": 436, "lonmin": 121.39241302419329, "centerlat": 31.226497228240817, "lonmax": 121.39272743454272, "latmin": 31.226362798228674}