{"latmax": 31.226362798228674, "centerlon": 121.4001160777546, "gridID": 431, "lonmin": 121.3999588725799, "centerlat": 31.226228367834114, "lonmax": 121.40027328292933, "latmin": 31.22609393743955}