{"latmax": 31.21883440702852, "centerlon": 121.40687590026761, "gridID": 13, "lonmin": 121.40624707956873, "centerlat": 31.218296640326745, "lonmax": 121.40750472096649, "latmin": 31.21775887362497}