{"latmax": 31.229589068038024, "centerlon": 121.40278856572486, "gridID": 230, "lonmin": 121.40247415537543, "centerlat": 31.229320216045025, "lonmax": 121.4031029760743, "latmin": 31.22905136405203}