{"depth": 93.56500434875488, "height": 200, "buildingCount": 5, "RTCy": 34.42067413330078, "gridID": 61, "RTCx": -75.6141357421875, "width": 106.71799087524414}