{"latmax": 31.21883440702852, "centerlon": 121.41347851760587, "gridID": 43, "lonmin": 121.41316410725643, "centerlat": 31.218565524442383, "lonmax": 121.41379292795534, "latmin": 31.21829664185625}