{"latmax": 31.229857918883656, "centerlon": 121.40168812950182, "gridID": 533, "lonmin": 121.4015309243271, "centerlat": 31.22972349346084, "lonmax": 121.40184533467654, "latmin": 31.229589068038024}