{"latmax": 31.229589068038024, "centerlon": 121.39933005188102, "gridID": 93, "lonmin": 121.39870123118213, "centerlat": 31.22905136252223, "lonmax": 121.3999588725799, "latmin": 31.228513657006445}