{"latmax": 31.226362798228674, "centerlon": 121.39775800013379, "gridID": 192, "lonmin": 121.39744358978434, "centerlat": 31.22609393705711, "lonmax": 121.39807241048324, "latmin": 31.22582507588554}