{"latmax": 31.230126768964404, "centerlon": 121.40404620712265, "gridID": 242, "lonmin": 121.4037317967732, "centerlat": 31.229857918501214, "lonmax": 121.4043606174721, "latmin": 31.229589068038024}