{"depth": 55.82403564453125, "height": 200, "buildingCount": 5, "RTCy": -581.7560546875, "gridID": 0, "RTCx": -542.6285278320313, "width": 77.42697143554688}