{"latmax": 31.227975946901278, "centerlon": 121.40231695020071, "gridID": 450, "lonmin": 121.402159745026, "centerlat": 31.227841518801327, "lonmax": 121.40247415537543, "latmin": 31.227707090701376}