{"latmax": 31.226362798228674, "centerlon": 121.39272743454273, "gridID": 189, "lonmin": 121.39241302419329, "centerlat": 31.22609393705711, "lonmax": 121.39304184489218, "latmin": 31.22582507588554}