{"latmax": 31.21829664185625, "centerlon": 121.41473615900365, "gridID": 36, "lonmin": 121.4144217486542, "centerlat": 31.218027757740607, "lonmax": 121.4150505693531, "latmin": 31.21775887362497}