{"latmax": 31.222329806083152, "centerlon": 121.39099817762082, "gridID": 291, "lonmin": 121.39084097244609, "centerlat": 31.22219536995234, "lonmax": 121.39115538279552, "latmin": 31.222060933821524}