{"latmax": 31.218027758122982, "centerlon": 121.40734751579176, "gridID": 53, "lonmin": 121.40719031061705, "centerlat": 31.21789331587398, "lonmax": 121.40750472096649, "latmin": 31.21775887362497}