{"latmax": 31.221792060795096, "centerlon": 121.38911171552414, "gridID": 256, "lonmin": 121.38895451034942, "centerlat": 31.221657623899482, "lonmax": 121.38926892069887, "latmin": 31.221523187003864}