{"latmax": 31.220447684191065, "centerlon": 121.4082907468401, "gridID": 154, "lonmin": 121.40813354166538, "centerlat": 31.22031324538348, "lonmax": 121.40844795201481, "latmin": 31.220178806575902}