{"latmax": 31.22824480233631, "centerlon": 121.40640428474345, "gridID": 462, "lonmin": 121.40624707956873, "centerlat": 31.22811037461879, "lonmax": 121.40656148991816, "latmin": 31.227975946901278}