{"latmax": 31.222329806083152, "centerlon": 121.39068376727136, "gridID": 290, "lonmin": 121.39052656209662, "centerlat": 31.22219536995234, "lonmax": 121.39084097244609, "latmin": 31.222060933821524}