{"latmax": 31.221523187003864, "centerlon": 121.40781913131593, "gridID": 108, "lonmin": 121.40750472096649, "centerlat": 31.221254312065454, "lonmax": 121.40813354166538, "latmin": 31.220985437127045}