{"latmax": 31.220447684191065, "centerlon": 121.41017720893677, "gridID": 159, "lonmin": 121.41002000376204, "centerlat": 31.22031324538348, "lonmax": 121.41033441411147, "latmin": 31.220178806575902}