{"latmax": 31.219103288467526, "centerlon": 121.40829074684011, "gridID": 96, "lonmin": 121.40813354166538, "centerlat": 31.218968847748023, "lonmax": 121.40844795201481, "latmin": 31.21883440702852}