{"latmax": 31.22743823373657, "centerlon": 121.39304184489217, "gridID": 85, "lonmin": 121.39241302419329, "centerlat": 31.226900515982624, "lonmax": 121.39367066559105, "latmin": 31.226362798228674}