{"latmax": 31.221523187003864, "centerlon": 121.3931990500669, "gridID": 242, "lonmin": 121.39304184489218, "centerlat": 31.221388749725865, "lonmax": 121.39335625524161, "latmin": 31.221254312447858}