{"depth": 70.4580078125, "height": 200, "buildingCount": 5, "RTCy": 591.7788330078125, "gridID": 118, "RTCx": 107.51385498046875, "width": 90.94500350952148}