{"latmax": 31.220178806575902, "centerlon": 121.40703310544234, "gridID": 142, "lonmin": 121.40687590026762, "centerlat": 31.220044367385935, "lonmax": 121.40719031061705, "latmin": 31.219909928195968}