{"depth": 55.238006591796875, "height": 200, "buildingCount": 6, "RTCy": 270.8849843343099, "gridID": 79, "RTCx": -435.10496012369794, "width": 91.05899047851562}