{"latmax": 31.220447684191065, "centerlon": 121.41269249173229, "gridID": 163, "lonmin": 121.41253528655757, "centerlat": 31.22031324538348, "lonmax": 121.412849696907, "latmin": 31.220178806575902}