{"latmax": 31.232546385269323, "centerlon": 121.3985440260074, "gridID": 642, "lonmin": 121.39838682083267, "centerlat": 31.232411963671144, "lonmax": 121.39870123118213, "latmin": 31.232277542072964}