{"latmax": 31.236578941418827, "centerlon": 121.40546105369512, "gridID": 688, "lonmin": 121.40530384852039, "centerlat": 31.236444525557953, "lonmax": 121.40561825886985, "latmin": 31.236310109697083}