{"latmax": 31.219909928195968, "centerlon": 121.40891956753899, "gridID": 132, "lonmin": 121.40876236236426, "centerlat": 31.219775488623608, "lonmax": 121.40907677271372, "latmin": 31.219641049051248}