{"latmax": 31.229857918883656, "centerlon": 121.40546105369513, "gridID": 539, "lonmin": 121.40530384852039, "centerlat": 31.229723493460835, "lonmax": 121.40561825886985, "latmin": 31.229589068038024}