{"latmax": 31.22313641827917, "centerlon": 121.39775800013379, "gridID": 144, "lonmin": 121.39744358978434, "centerlat": 31.22286754792957, "lonmax": 121.39807241048324, "latmin": 31.22259867757997}