{"latmax": 31.226631658252956, "centerlon": 121.40137371915239, "gridID": 437, "lonmin": 121.40121651397766, "centerlat": 31.226497228240817, "lonmax": 121.4015309243271, "latmin": 31.226362798228674}