{"latmax": 31.226362798228674, "centerlon": 121.39665756391075, "gridID": 428, "lonmin": 121.39650035873603, "centerlat": 31.22622836783411, "lonmax": 121.39681476908548, "latmin": 31.22609393743955}