{"latmax": 31.228513657006445, "centerlon": 121.39948725705572, "gridID": 464, "lonmin": 121.39933005188101, "centerlat": 31.228379229671376, "lonmax": 121.39964446223044, "latmin": 31.22824480233631}