{"depth": 87.98500061035156, "height": 200, "buildingCount": 5, "RTCy": -287.0816650390625, "gridID": 27, "RTCx": -187.6918212890625, "width": 78.21800231933594}