{"latmax": 31.22905136405203, "centerlon": 121.40011607775463, "gridID": 494, "lonmin": 121.3999588725799, "centerlat": 31.22891693748186, "lonmax": 121.40027328292933, "latmin": 31.22878251091168}