{"latmax": 31.21883440702852, "centerlon": 121.41269249173229, "gridID": 88, "lonmin": 121.41253528655757, "centerlat": 31.218699965926646, "lonmax": 121.412849696907, "latmin": 31.21856552482477}