{"depth": 56.82799530029297, "height": 200, "buildingCount": 1, "RTCy": -130.73800659179688, "gridID": 34, "RTCx": -504.3079833984375, "width": 24.4639892578125}