{"latmax": 31.22313641827917, "centerlon": 121.40640428474346, "gridID": 329, "lonmin": 121.40624707956873, "centerlat": 31.22300198329557, "lonmax": 121.40656148991816, "latmin": 31.22286754831197}