{"latmax": 31.220716561041446, "centerlon": 121.4076619261412, "gridID": 173, "lonmin": 121.40750472096649, "centerlat": 31.220582122616253, "lonmax": 121.40781913131595, "latmin": 31.220447684191065}