{"latmax": 31.217221102334722, "centerlon": 121.41159205550925, "gridID": 19, "lonmin": 121.41127764515981, "centerlat": 31.216952215160134, "lonmax": 121.41190646585868, "latmin": 31.216683327985535}