{"latmax": 31.231202161638116, "centerlon": 121.40215974502597, "gridID": 264, "lonmin": 121.40184533467654, "centerlat": 31.23093331423461, "lonmax": 121.40247415537543, "latmin": 31.2306644668311}