{"latmax": 31.230395618280212, "centerlon": 121.40388900194792, "gridID": 561, "lonmin": 121.4037317967732, "centerlat": 31.230261193622308, "lonmax": 121.40404620712263, "latmin": 31.230126768964404}