{"depth": 100.61599731445312, "height": 200, "buildingCount": 7, "RTCy": -516.8721531459263, "gridID": 8, "RTCx": -355.1187438964844, "width": 96.67501831054688}