{"latmax": 31.2306644668311, "centerlon": 121.39948725705572, "gridID": 568, "lonmin": 121.39933005188101, "centerlat": 31.230530042555657, "lonmax": 121.39964446223044, "latmin": 31.230395618280212}