{"latmax": 31.222060933821524, "centerlon": 121.41316410725643, "gridID": 49, "lonmin": 121.41253528655757, "centerlat": 31.221523185474283, "lonmax": 121.41379292795534, "latmin": 31.220985437127045}