{"latmax": 31.23711660256729, "centerlon": 121.4053038485204, "gridID": 310, "lonmin": 121.40498943817096, "centerlat": 31.23684777199306, "lonmax": 121.40561825886985, "latmin": 31.236578941418827}