{"latmax": 31.217221102334722, "centerlon": 121.41457895382894, "gridID": 43, "lonmin": 121.4144217486542, "centerlat": 31.217086658938605, "lonmax": 121.41473615900367, "latmin": 31.216952215542488}