{"latmax": 31.229589068038024, "centerlon": 121.40593266921928, "gridID": 235, "lonmin": 121.40561825886985, "centerlat": 31.22932021604502, "lonmax": 121.40624707956873, "latmin": 31.22905136405203}