{"latmax": 31.227975946901278, "centerlon": 121.40074489845347, "gridID": 448, "lonmin": 121.40058769327877, "centerlat": 31.227841518801327, "lonmax": 121.4009021036282, "latmin": 31.227707090701376}