{"latmax": 31.229589068038024, "centerlon": 121.40027328292933, "gridID": 227, "lonmin": 121.3999588725799, "centerlat": 31.229320216045025, "lonmax": 121.40058769327877, "latmin": 31.22905136405203}