{"latmax": 31.22824480233631, "centerlon": 121.40546105369512, "gridID": 459, "lonmin": 121.40530384852039, "centerlat": 31.228110374618797, "lonmax": 121.40561825886985, "latmin": 31.227975946901278}