{"latmax": 31.232277542072964, "centerlon": 121.4007448984535, "gridID": 636, "lonmin": 121.40058769327877, "centerlat": 31.232143120092307, "lonmax": 121.4009021036282, "latmin": 31.232008698111656}