{"latmax": 31.221254312447858, "centerlon": 121.39068376727137, "gridID": 213, "lonmin": 121.39052656209662, "centerlat": 31.22111987478745, "lonmax": 121.39084097244609, "latmin": 31.220985437127045}