{"latmax": 31.224211890499742, "centerlon": 121.40954838823787, "gridID": 379, "lonmin": 121.40939118306315, "centerlat": 31.224077457045787, "lonmax": 121.40970559341258, "latmin": 31.223943023591836}