{"latmax": 31.22259867757997, "centerlon": 121.39084097244607, "gridID": 133, "lonmin": 121.39052656209662, "centerlat": 31.222329805700742, "lonmax": 121.39115538279552, "latmin": 31.222060933821524}