{"latmax": 31.220985437127045, "centerlon": 121.40939118306315, "gridID": 33, "lonmin": 121.40876236236426, "centerlat": 31.220447682661508, "lonmax": 121.41002000376204, "latmin": 31.219909928195968}