{"latmax": 31.222060933821524, "centerlon": 121.40719031061705, "gridID": 124, "lonmin": 121.40687590026762, "centerlat": 31.221792060412696, "lonmax": 121.40750472096649, "latmin": 31.221523187003864}