{"latmax": 31.22259867757997, "centerlon": 121.40640428474345, "gridID": 309, "lonmin": 121.40624707956873, "centerlat": 31.22246424183156, "lonmax": 121.40656148991816, "latmin": 31.222329806083152}