{"latmax": 31.229589068038024, "centerlon": 121.40357459159847, "gridID": 523, "lonmin": 121.40341738642375, "centerlat": 31.229454642232742, "lonmax": 121.4037317967732, "latmin": 31.22932021642747}