{"latmax": 31.220985437127045, "centerlon": 121.39084097244607, "gridID": 80, "lonmin": 121.39052656209662, "centerlat": 31.220716560659056, "lonmax": 121.39115538279552, "latmin": 31.220447684191065}