{"latmax": 31.21829664185625, "centerlon": 121.41237808138284, "gridID": 72, "lonmin": 121.41222087620811, "centerlat": 31.21816219998961, "lonmax": 121.41253528655757, "latmin": 31.218027758122982}