{"latmax": 31.22448075664281, "centerlon": 121.40860515718953, "gridID": 386, "lonmin": 121.40844795201481, "centerlat": 31.22434632357127, "lonmax": 121.40876236236426, "latmin": 31.224211890499742}