{"latmax": 31.216683327985535, "centerlon": 121.4120636710334, "gridID": 31, "lonmin": 121.41190646585868, "centerlat": 31.216548883824693, "lonmax": 121.41222087620811, "latmin": 31.216414439663847}