{"latmax": 31.232815227700733, "centerlon": 121.40640428474345, "gridID": 653, "lonmin": 121.40624707956873, "centerlat": 31.23268080648503, "lonmax": 121.40656148991816, "latmin": 31.232546385269323}