{"depth": 68.58700561523438, "height": 200, "buildingCount": 3, "RTCy": 384.256103515625, "gridID": 97, "RTCx": 181.63037618001303, "width": 44.94898986816406}