{"latmax": 31.215069986584638, "centerlon": 121.4090767727137, "gridID": 1, "lonmin": 121.40876236236426, "centerlat": 31.214801093292312, "lonmax": 121.40939118306315, "latmin": 31.214532199999983}