{"latmax": 31.2306644668311, "centerlon": 121.40168812950184, "gridID": 571, "lonmin": 121.4015309243271, "centerlat": 31.230530042555657, "lonmax": 121.40184533467654, "latmin": 31.230395618280212}