{"latmax": 31.215069986584638, "centerlon": 121.40844795201482, "gridID": 0, "lonmin": 121.40813354166538, "centerlat": 31.214801093292305, "lonmax": 121.40876236236426, "latmin": 31.214532199999983}