{"latmax": 31.230395618280212, "centerlon": 121.40577546404458, "gridID": 564, "lonmin": 121.40561825886985, "centerlat": 31.230261193622308, "lonmax": 121.40593266921928, "latmin": 31.230126768964404}