{"latmax": 31.23093331461706, "centerlon": 121.40357459159847, "gridID": 583, "lonmin": 121.40341738642375, "centerlat": 31.23079889072408, "lonmax": 121.4037317967732, "latmin": 31.2306644668311}