{"latmax": 31.221254312447858, "centerlon": 121.38974053622304, "gridID": 210, "lonmin": 121.38958333104833, "centerlat": 31.22111987478745, "lonmax": 121.38989774139776, "latmin": 31.220985437127045}