{"latmax": 31.231471007894218, "centerlon": 121.4016881295018, "gridID": 600, "lonmin": 121.4015309243271, "centerlat": 31.231336584766165, "lonmax": 121.40184533467654, "latmin": 31.231202161638116}