{"latmax": 31.232008698111656, "centerlon": 121.39980166740517, "gridID": 624, "lonmin": 121.39964446223044, "centerlat": 31.231874275748535, "lonmax": 121.3999588725799, "latmin": 31.231739853385413}