{"latmax": 31.21775887362497, "centerlon": 121.41237808138284, "gridID": 49, "lonmin": 121.41222087620811, "centerlat": 31.21762443099359, "lonmax": 121.41253528655757, "latmin": 31.217489988362214}