{"latmax": 31.224211890499742, "centerlon": 121.40184533467655, "gridID": 62, "lonmin": 121.40121651397766, "centerlat": 31.223674154389457, "lonmax": 121.40247415537543, "latmin": 31.22313641827917}