{"latmax": 31.22905136405203, "centerlon": 121.40294577089958, "gridID": 501, "lonmin": 121.40278856572486, "centerlat": 31.22891693748186, "lonmax": 121.4031029760743, "latmin": 31.22878251091168}