{"latmax": 31.224211890499742, "centerlon": 121.41064882446092, "gridID": 67, "lonmin": 121.41002000376204, "centerlat": 31.223674154389457, "lonmax": 121.41127764515981, "latmin": 31.22313641827917}