{"latmax": 31.217489988362214, "centerlon": 121.41237808138285, "gridID": 45, "lonmin": 121.41222087620811, "centerlat": 31.21735554534847, "lonmax": 121.41253528655757, "latmin": 31.217221102334722}