{"latmax": 31.23496593961344, "centerlon": 121.40608987439403, "gridID": 679, "lonmin": 121.40593266921928, "centerlat": 31.234831521457593, "lonmax": 121.40624707956873, "latmin": 31.234697103301745}