{"latmax": 31.229589068038024, "centerlon": 121.40011607775462, "gridID": 517, "lonmin": 121.3999588725799, "centerlat": 31.229454642232746, "lonmax": 121.40027328292933, "latmin": 31.22932021642747}