{"latmax": 31.226362798228674, "centerlon": 121.39933005188101, "gridID": 81, "lonmin": 121.39870123118213, "centerlat": 31.225825074355832, "lonmax": 121.3999588725799, "latmin": 31.225287350482986}