{"latmax": 31.231202161638116, "centerlon": 121.39917284670629, "gridID": 589, "lonmin": 121.39901564153158, "centerlat": 31.23106773812759, "lonmax": 121.39933005188101, "latmin": 31.23093331461706}