{"latmax": 31.21775887362497, "centerlon": 121.40813354166536, "gridID": 8, "lonmin": 121.40750472096649, "centerlat": 31.217221100805254, "lonmax": 121.40876236236426, "latmin": 31.216683327985535}