{"latmax": 31.222329806083152, "centerlon": 121.4082907468401, "gridID": 301, "lonmin": 121.40813354166538, "centerlat": 31.22219536995234, "lonmax": 121.40844795201481, "latmin": 31.222060933821524}