{"latmax": 31.228513657006445, "centerlon": 121.40278856572486, "gridID": 209, "lonmin": 121.40247415537543, "centerlat": 31.228244801953863, "lonmax": 121.4031029760743, "latmin": 31.227975946901278}