{"latmax": 31.221523187003864, "centerlon": 121.4097055934126, "gridID": 111, "lonmin": 121.40939118306315, "centerlat": 31.221254312065454, "lonmax": 121.41002000376204, "latmin": 31.220985437127045}