{"latmax": 31.221254312447858, "centerlon": 121.39162699831968, "gridID": 216, "lonmin": 121.39146979314496, "centerlat": 31.22111987478745, "lonmax": 121.3917842034944, "latmin": 31.220985437127045}