{"latmax": 31.21883440702852, "centerlon": 121.41159205550925, "gridID": 40, "lonmin": 121.41127764515981, "centerlat": 31.218565524442383, "lonmax": 121.41190646585868, "latmin": 31.21829664185625}