{"latmax": 31.220985437127045, "centerlon": 121.41017720893676, "gridID": 203, "lonmin": 121.41002000376204, "centerlat": 31.220850999084245, "lonmax": 121.41033441411147, "latmin": 31.220716561041446}