{"latmax": 31.224749622021044, "centerlon": 121.40546105369512, "gridID": 397, "lonmin": 121.40530384852039, "centerlat": 31.224615189331928, "lonmax": 121.40561825886985, "latmin": 31.22448075664281}