{"depth": 60.8280029296875, "height": 200, "buildingCount": 5, "RTCy": 603.3331909179688, "gridID": 117, "RTCx": 24.154913306236267, "width": 85.53799438476562}