{"latmax": 31.221254312447858, "centerlon": 121.39131258797025, "gridID": 215, "lonmin": 121.39115538279552, "centerlat": 31.22111987478745, "lonmax": 121.39146979314496, "latmin": 31.220985437127045}