{"latmax": 31.21829664185625, "centerlon": 121.40797633649066, "gridID": 67, "lonmin": 121.40781913131595, "centerlat": 31.218162199989614, "lonmax": 121.40813354166538, "latmin": 31.218027758122982}