{"latmax": 31.230395618280212, "centerlon": 121.40326018124902, "gridID": 559, "lonmin": 121.4031029760743, "centerlat": 31.230261193622308, "lonmax": 121.40341738642375, "latmin": 31.230126768964404}