{"latmax": 31.230126768964404, "centerlon": 121.4053038485204, "gridID": 244, "lonmin": 121.40498943817096, "centerlat": 31.229857918501214, "lonmax": 121.40561825886985, "latmin": 31.229589068038024}