{"latmax": 31.221254312447858, "centerlon": 121.41080602963565, "gridID": 224, "lonmin": 121.4106488244609, "centerlat": 31.22111987478745, "lonmax": 121.41096323481035, "latmin": 31.220985437127045}