{"latmax": 31.21937216914177, "centerlon": 121.412849696907, "gridID": 53, "lonmin": 121.41253528655757, "centerlat": 31.219103288085144, "lonmax": 121.41316410725643, "latmin": 31.21883440702852}