{"latmax": 31.229589068038024, "centerlon": 121.4023169502007, "gridID": 521, "lonmin": 121.402159745026, "centerlat": 31.229454642232746, "lonmax": 121.40247415537543, "latmin": 31.22932021642747}