{"latmax": 31.231739853385413, "centerlon": 121.40043048810405, "gridID": 613, "lonmin": 121.40027328292933, "centerlat": 31.231605430639814, "lonmax": 121.40058769327877, "latmin": 31.231471007894218}