{"latmax": 31.231471007894218, "centerlon": 121.39948725705572, "gridID": 598, "lonmin": 121.39933005188101, "centerlat": 31.231336584766165, "lonmax": 121.39964446223044, "latmin": 31.231202161638116}