{"latmax": 31.22555621356669, "centerlon": 121.39665756391076, "gridID": 402, "lonmin": 121.39650035873603, "centerlat": 31.22542178202484, "lonmax": 121.39681476908548, "latmin": 31.225287350482986}