{"latmax": 31.232277542072964, "centerlon": 121.39917284670629, "gridID": 635, "lonmin": 121.39901564153158, "centerlat": 31.232143120092307, "lonmax": 121.39933005188101, "latmin": 31.232008698111656}