{"latmax": 31.232277542072964, "centerlon": 121.39964446223046, "gridID": 279, "lonmin": 121.39933005188101, "centerlat": 31.23200869772919, "lonmax": 121.3999588725799, "latmin": 31.231739853385413}