{"latmax": 31.221523187003864, "centerlon": 121.38911171552415, "gridID": 231, "lonmin": 121.38895451034942, "centerlat": 31.22138874972586, "lonmax": 121.38926892069887, "latmin": 31.221254312447858}