{"latmax": 31.222329806083152, "centerlon": 121.39194140866913, "gridID": 294, "lonmin": 121.3917842034944, "centerlat": 31.22219536995234, "lonmax": 121.39209861384386, "latmin": 31.222060933821524}