{"latmax": 31.214801093674655, "centerlon": 121.40860515718954, "gridID": 1, "lonmin": 121.40844795201481, "centerlat": 31.21466664683732, "lonmax": 121.40876236236426, "latmin": 31.214532199999983}