{"latmax": 31.220447684191065, "centerlon": 121.40703310544234, "gridID": 152, "lonmin": 121.40687590026762, "centerlat": 31.22031324538348, "lonmax": 121.40719031061705, "latmin": 31.220178806575902}