{"latmax": 31.238191915684045, "centerlon": 121.40939118306315, "gridID": 129, "lonmin": 121.40876236236426, "centerlat": 31.23765425912567, "lonmax": 121.41002000376204, "latmin": 31.23711660256729}