{"latmax": 31.233084069367195, "centerlon": 121.40514664334567, "gridID": 660, "lonmin": 121.40498943817096, "centerlat": 31.232949648533964, "lonmax": 121.40530384852039, "latmin": 31.232815227700733}