{"latmax": 31.21937216914177, "centerlon": 121.41347851760588, "gridID": 54, "lonmin": 121.41316410725643, "centerlat": 31.219103288085144, "lonmax": 121.41379292795534, "latmin": 31.21883440702852}