{"latmax": 31.21937216914177, "centerlon": 121.40671869509289, "gridID": 101, "lonmin": 121.40656148991816, "centerlat": 31.21923772880465, "lonmax": 121.40687590026762, "latmin": 31.219103288467526}