{"latmax": 31.21829664185625, "centerlon": 121.41347851760588, "gridID": 34, "lonmin": 121.41316410725643, "centerlat": 31.21802775774061, "lonmax": 121.41379292795534, "latmin": 31.21775887362497}