{"depth": 129.63499450683594, "height": 200, "buildingCount": 5, "RTCy": 307.5151428222656, "gridID": 78, "RTCx": -519.308642578125, "width": 42.3690185546875}