{"latmax": 31.230126768964404, "centerlon": 121.4059326692193, "gridID": 245, "lonmin": 121.40561825886985, "centerlat": 31.229857918501214, "lonmax": 121.40624707956873, "latmin": 31.229589068038024}