{"depth": 58.21099853515625, "height": 200, "buildingCount": 2, "RTCy": 413.0970764160156, "gridID": 91, "RTCx": -364.77301025390625, "width": 63.186981201171875}