{"latmax": 31.232277542072964, "centerlon": 121.4023169502007, "gridID": 640, "lonmin": 121.402159745026, "centerlat": 31.232143120092307, "lonmax": 121.40247415537543, "latmin": 31.232008698111656}