{"latmax": 31.221523187003864, "centerlon": 121.3939850759405, "gridID": 106, "lonmin": 121.39367066559105, "centerlat": 31.221254312065454, "lonmax": 121.39429948628995, "latmin": 31.220985437127045}