{"latmax": 31.23496593961344, "centerlon": 121.40656148991816, "gridID": 305, "lonmin": 121.40624707956873, "centerlat": 31.23469710291926, "lonmax": 121.40687590026762, "latmin": 31.234428266225077}