{"latmax": 31.220985437127045, "centerlon": 121.41410733830477, "gridID": 94, "lonmin": 121.41379292795534, "centerlat": 31.220716560659053, "lonmax": 121.4144217486542, "latmin": 31.220447684191065}