{"latmax": 31.224211890499742, "centerlon": 121.40310297607431, "gridID": 63, "lonmin": 121.40247415537543, "centerlat": 31.223674154389457, "lonmax": 121.4037317967732, "latmin": 31.22313641827917}