{"latmax": 31.23496593961344, "centerlon": 121.40577546404457, "gridID": 678, "lonmin": 121.40561825886985, "centerlat": 31.234831521457593, "lonmax": 121.40593266921928, "latmin": 31.234697103301745}