{"depth": 30.154998779296875, "height": 200, "buildingCount": 1, "RTCy": -438.0651550292969, "gridID": 15, "RTCx": -377.3410339355469, "width": 99.07400512695312}