{"latmax": 31.218027758122982, "centerlon": 121.41363572278063, "gridID": 60, "lonmin": 121.4134785176059, "centerlat": 31.217893315873976, "lonmax": 121.41379292795534, "latmin": 31.21775887362497}