{"latmax": 31.220447684191065, "centerlon": 121.41206367103338, "gridID": 161, "lonmin": 121.41190646585868, "centerlat": 31.22031324538348, "lonmax": 121.41222087620811, "latmin": 31.220178806575902}