{"latmax": 31.229857918883656, "centerlon": 121.40137371915239, "gridID": 532, "lonmin": 121.40121651397766, "centerlat": 31.22972349346084, "lonmax": 121.4015309243271, "latmin": 31.229589068038024}