{"latmax": 31.224211890499742, "centerlon": 121.4090767727137, "gridID": 168, "lonmin": 121.40876236236426, "centerlat": 31.223943023209426, "lonmax": 121.40939118306315, "latmin": 31.2236741559191}