{"latmax": 31.226362798228674, "centerlon": 121.40184533467655, "gridID": 83, "lonmin": 121.40121651397766, "centerlat": 31.225825074355832, "lonmax": 121.40247415537543, "latmin": 31.225287350482986}