{"latmax": 31.227975946901278, "centerlon": 121.40043048810405, "gridID": 447, "lonmin": 121.40027328292933, "centerlat": 31.227841518801327, "lonmax": 121.40058769327877, "latmin": 31.227707090701376}