{"latmax": 31.216683327985535, "centerlon": 121.41457895382894, "gridID": 32, "lonmin": 121.4144217486542, "centerlat": 31.216548883824697, "lonmax": 121.41473615900367, "latmin": 31.216414439663847}