{"latmax": 31.22878251091168, "centerlon": 121.39917284670629, "gridID": 477, "lonmin": 121.39901564153158, "centerlat": 31.228648083959065, "lonmax": 121.39933005188101, "latmin": 31.228513657006445}