{"latmax": 31.226900517512377, "centerlon": 121.39272743454273, "gridID": 199, "lonmin": 121.39241302419329, "centerlat": 31.226631657870527, "lonmax": 121.39304184489218, "latmin": 31.226362798228674}