{"latmax": 31.21856552482477, "centerlon": 121.41395013313007, "gridID": 85, "lonmin": 121.41379292795534, "centerlat": 31.21843108334051, "lonmax": 121.41410733830477, "latmin": 31.21829664185625}