{"latmax": 31.230126768964404, "centerlon": 121.40027328292933, "gridID": 237, "lonmin": 121.3999588725799, "centerlat": 31.229857918501214, "lonmax": 121.40058769327877, "latmin": 31.229589068038024}