{"latmax": 31.235772443958606, "centerlon": 121.40640428474345, "gridID": 685, "lonmin": 121.40624707956873, "centerlat": 31.235638026950237, "lonmax": 121.40656148991816, "latmin": 31.235503609941873}