{"latmax": 31.217221102334722, "centerlon": 121.41473615900365, "gridID": 21, "lonmin": 121.4144217486542, "centerlat": 31.216952215160127, "lonmax": 121.4150505693531, "latmin": 31.216683327985535}