{"latmax": 31.220985437127045, "centerlon": 121.3894261258736, "gridID": 186, "lonmin": 121.38926892069887, "centerlat": 31.220850999084245, "lonmax": 121.38958333104833, "latmin": 31.220716561041446}