{"depth": 86.49397277832031, "height": 200, "buildingCount": 5, "RTCy": -182.43008422851562, "gridID": 38, "RTCx": -82.46686096191407, "width": 86.30900001525879}