{"latmax": 31.233084069367195, "centerlon": 121.40546105369512, "gridID": 661, "lonmin": 121.40530384852039, "centerlat": 31.23294964853396, "lonmax": 121.40561825886985, "latmin": 31.232815227700733}