{"latmax": 31.232815227700733, "centerlon": 121.39838682083268, "gridID": 286, "lonmin": 121.39807241048324, "centerlat": 31.23254638488685, "lonmax": 121.39870123118213, "latmin": 31.232277542072964}