{"latmax": 31.220716561041446, "centerlon": 121.40703310544235, "gridID": 171, "lonmin": 121.40687590026762, "centerlat": 31.22058212261625, "lonmax": 121.40719031061705, "latmin": 31.220447684191065}