{"depth": 56.714996337890625, "height": 200, "buildingCount": 4, "RTCy": -388.94676208496094, "gridID": 20, "RTCx": 109.04499053955078, "width": 89.7350082397461}