{"depth": 108.90097045898438, "height": 200, "buildingCount": 9, "RTCy": -272.0017361111111, "gridID": 31, "RTCx": 201.35230509440103, "width": 88.58399963378906}