{"latmax": 31.216683327985535, "centerlon": 121.40719031061705, "gridID": 10, "lonmin": 121.40687590026762, "centerlat": 31.216414439281476, "lonmax": 121.40750472096649, "latmin": 31.216145550577426}