{"latmax": 31.23093331461706, "centerlon": 121.40043048810406, "gridID": 580, "lonmin": 121.40027328292933, "centerlat": 31.23079889072408, "lonmax": 121.40058769327877, "latmin": 31.2306644668311}