{"latmax": 31.219909928195968, "centerlon": 121.40813354166536, "gridID": 21, "lonmin": 121.40750472096649, "centerlat": 31.219372167612242, "lonmax": 121.40876236236426, "latmin": 31.21883440702852}