{"latmax": 31.21775887362497, "centerlon": 121.41442174865423, "gridID": 11, "lonmin": 121.41379292795534, "centerlat": 31.21722110080525, "lonmax": 121.4150505693531, "latmin": 31.216683327985535}