{"latmax": 31.22555621356669, "centerlon": 121.39791520530852, "gridID": 405, "lonmin": 121.3977580001338, "centerlat": 31.22542178202484, "lonmax": 121.39807241048324, "latmin": 31.225287350482986}