{"latmax": 31.231202161638116, "centerlon": 121.40043048810405, "gridID": 590, "lonmin": 121.40027328292933, "centerlat": 31.23106773812759, "lonmax": 121.40058769327877, "latmin": 31.23093331461706}