{"latmax": 31.220447684191065, "centerlon": 121.4090767727137, "gridID": 68, "lonmin": 121.40876236236426, "centerlat": 31.220178806193516, "lonmax": 121.40939118306315, "latmin": 31.219909928195968}