{"latmax": 31.220447684191065, "centerlon": 121.41284969690702, "gridID": 74, "lonmin": 121.41253528655757, "centerlat": 31.220178806193516, "lonmax": 121.41316410725643, "latmin": 31.219909928195968}