{"latmax": 31.228513657006445, "centerlon": 121.40656148991819, "gridID": 213, "lonmin": 121.40624707956873, "centerlat": 31.22824480195386, "lonmax": 121.40687590026762, "latmin": 31.227975946901278}