{"latmax": 31.2306644668311, "centerlon": 121.40357459159847, "gridID": 573, "lonmin": 121.40341738642375, "centerlat": 31.230530042555657, "lonmax": 121.4037317967732, "latmin": 31.230395618280212}