{"latmax": 31.219909928195968, "centerlon": 121.41316410725645, "gridID": 25, "lonmin": 121.41253528655757, "centerlat": 31.219372167612242, "lonmax": 121.41379292795534, "latmin": 31.21883440702852}