{"latmax": 31.2306644668311, "centerlon": 121.40514664334567, "gridID": 576, "lonmin": 121.40498943817096, "centerlat": 31.230530042555657, "lonmax": 121.40530384852039, "latmin": 31.230395618280212}