{"latmax": 31.22905136405203, "centerlon": 121.402159745026, "gridID": 219, "lonmin": 121.40184533467654, "centerlat": 31.22878251052924, "lonmax": 121.40247415537543, "latmin": 31.228513657006445}