{"latmax": 31.220985437127045, "centerlon": 121.41693703144973, "gridID": 39, "lonmin": 121.41630821075087, "centerlat": 31.220447682661508, "lonmax": 121.41756585214863, "latmin": 31.219909928195968}