{"latmax": 31.230126768964404, "centerlon": 121.39964446223046, "gridID": 236, "lonmin": 121.39933005188101, "centerlat": 31.229857918501214, "lonmax": 121.3999588725799, "latmin": 31.229589068038024}