{"latmax": 31.220985437127045, "centerlon": 121.39005494657246, "gridID": 187, "lonmin": 121.38989774139776, "centerlat": 31.220850999084245, "lonmax": 121.39021215174719, "latmin": 31.220716561041446}