{"latmax": 31.22609393743955, "centerlon": 121.39791520530852, "gridID": 417, "lonmin": 121.3977580001338, "centerlat": 31.225959506662544, "lonmax": 121.39807241048324, "latmin": 31.22582507588554}