{"depth": 96.56600952148438, "height": 200, "buildingCount": 11, "RTCy": -390.9572199041193, "gridID": 18, "RTCx": -98.4156677939675, "width": 121.85199165344238}