{"depth": 44.14105224609375, "height": 200, "buildingCount": 4, "RTCy": 582.3443298339844, "gridID": 111, "RTCx": -515.5120162963867, "width": 43.4730224609375}