{"latmax": 31.2306644668311, "centerlon": 121.39964446223047, "gridID": 248, "lonmin": 121.39933005188101, "centerlat": 31.230395617897752, "lonmax": 121.3999588725799, "latmin": 31.230126768964404}