{"latmax": 31.22824480233631, "centerlon": 121.39980166740517, "gridID": 453, "lonmin": 121.39964446223044, "centerlat": 31.228110374618797, "lonmax": 121.3999588725799, "latmin": 31.227975946901278}