{"depth": 107.12100982666016, "height": 200, "buildingCount": 4, "RTCy": -170.51280784606934, "gridID": 35, "RTCx": -361.24317169189453, "width": 38.52301025390625}