{"latmax": 31.222060933821524, "centerlon": 121.40860515718953, "gridID": 286, "lonmin": 121.40844795201481, "centerlat": 31.22192649730831, "lonmax": 121.40876236236426, "latmin": 31.221792060795096}