{"depth": 51.13800048828125, "height": 200, "buildingCount": 2, "RTCy": -582.6996154785156, "gridID": 3, "RTCx": -314.84739685058594, "width": 13.678985595703125}