{"depth": 55.99200439453125, "height": 200, "buildingCount": 2, "RTCy": -298.6962127685547, "gridID": 26, "RTCx": -274.45921325683594, "width": 72.89700317382812}