{"latmax": 31.221792060795096, "centerlon": 121.41300690208172, "gridID": 272, "lonmin": 121.412849696907, "centerlat": 31.221657623899482, "lonmax": 121.41316410725643, "latmin": 31.221523187003864}