{"latmax": 31.226362798228674, "centerlon": 121.392570229368, "gridID": 426, "lonmin": 121.39241302419329, "centerlat": 31.226228367834114, "lonmax": 121.39272743454272, "latmin": 31.22609393743955}