{"latmax": 31.22905136405203, "centerlon": 121.40231695020071, "gridID": 499, "lonmin": 121.402159745026, "centerlat": 31.22891693748186, "lonmax": 121.40247415537543, "latmin": 31.22878251091168}