{"latmax": 31.232815227700733, "centerlon": 121.40168812950182, "gridID": 651, "lonmin": 121.4015309243271, "centerlat": 31.23268080648503, "lonmax": 121.40184533467654, "latmin": 31.232546385269323}