{"latmax": 31.216683327985535, "centerlon": 121.40844795201481, "gridID": 11, "lonmin": 121.40813354166538, "centerlat": 31.216414439281483, "lonmax": 121.40876236236426, "latmin": 31.216145550577426}