{"latmax": 31.21937216914177, "centerlon": 121.408919567539, "gridID": 106, "lonmin": 121.40876236236426, "centerlat": 31.21923772880465, "lonmax": 121.40907677271372, "latmin": 31.219103288467526}