{"latmax": 31.227707090701376, "centerlon": 121.4067186950929, "gridID": 445, "lonmin": 121.40656148991816, "centerlat": 31.22757266221897, "lonmax": 121.40687590026762, "latmin": 31.22743823373657}