{"latmax": 31.21829664185625, "centerlon": 121.40781913131593, "gridID": 29, "lonmin": 121.40750472096649, "centerlat": 31.218027757740607, "lonmax": 121.40813354166538, "latmin": 31.21775887362497}