{"latmax": 31.23093331461706, "centerlon": 121.40200253985128, "gridID": 581, "lonmin": 121.40184533467654, "centerlat": 31.23079889072408, "lonmax": 121.402159745026, "latmin": 31.2306644668311}