{"latmax": 31.221523187003864, "centerlon": 121.41662262110032, "gridID": 115, "lonmin": 121.41630821075087, "centerlat": 31.221254312065454, "lonmax": 121.41693703144976, "latmin": 31.220985437127045}