{"latmax": 31.226362798228674, "centerlon": 121.40090210362821, "gridID": 196, "lonmin": 121.40058769327877, "centerlat": 31.22609393705711, "lonmax": 121.40121651397766, "latmin": 31.22582507588554}