{"latmax": 31.22932021642747, "centerlon": 121.40200253985127, "gridID": 508, "lonmin": 121.40184533467654, "centerlat": 31.22918579023975, "lonmax": 121.402159745026, "latmin": 31.22905136405203}