{"latmax": 31.235234775160144, "centerlon": 121.40608987439401, "gridID": 682, "lonmin": 121.40593266921928, "centerlat": 31.23510035738679, "lonmax": 121.40624707956873, "latmin": 31.23496593961344}