{"latmax": 31.219909928195968, "centerlon": 121.41284969690699, "gridID": 63, "lonmin": 121.41253528655757, "centerlat": 31.21964104866887, "lonmax": 121.41316410725643, "latmin": 31.21937216914177}