{"latmax": 31.2306644668311, "centerlon": 121.40561825886986, "gridID": 106, "lonmin": 121.40498943817096, "centerlat": 31.230126767434562, "lonmax": 121.40624707956873, "latmin": 31.229589068038024}