{"latmax": 31.222060933821524, "centerlon": 121.3903693569219, "gridID": 274, "lonmin": 121.39021215174719, "centerlat": 31.221926497308313, "lonmax": 121.39052656209662, "latmin": 31.221792060795096}