{"latmax": 31.232277542072964, "centerlon": 121.39838682083267, "gridID": 277, "lonmin": 121.39807241048324, "centerlat": 31.23200869772919, "lonmax": 121.39870123118213, "latmin": 31.231739853385413}