{"latmax": 31.229589068038024, "centerlon": 121.40420341229735, "gridID": 525, "lonmin": 121.40404620712263, "centerlat": 31.229454642232746, "lonmax": 121.4043606174721, "latmin": 31.22932021642747}