{"depth": 17.19900131225586, "height": 200, "buildingCount": 1, "RTCy": 46.77802276611328, "gridID": 60, "RTCx": -223.2320556640625, "width": 6.529998779296875}