{"latmax": 31.22286754831197, "centerlon": 121.40860515718951, "gridID": 324, "lonmin": 121.40844795201481, "centerlat": 31.222733112945974, "lonmax": 121.40876236236426, "latmin": 31.22259867757997}