{"latmax": 31.225287350482986, "centerlon": 121.39807241048324, "gridID": 69, "lonmin": 121.39744358978434, "centerlat": 31.224749620491366, "lonmax": 121.39870123118213, "latmin": 31.224211890499742}