{"latmax": 31.21856552482477, "centerlon": 121.4120636710334, "gridID": 80, "lonmin": 121.41190646585868, "centerlat": 31.21843108334051, "lonmax": 121.41222087620811, "latmin": 31.21829664185625}