{"latmax": 31.221523187003864, "centerlon": 121.40844795201482, "gridID": 109, "lonmin": 121.40813354166538, "centerlat": 31.221254312065454, "lonmax": 121.40876236236426, "latmin": 31.220985437127045}