{"latmax": 31.23711660256729, "centerlon": 121.4059326692193, "gridID": 311, "lonmin": 121.40561825886985, "centerlat": 31.23684777199306, "lonmax": 121.40624707956873, "latmin": 31.236578941418827}