{"latmax": 31.22824480233631, "centerlon": 121.40294577089959, "gridID": 455, "lonmin": 121.40278856572486, "centerlat": 31.22811037461879, "lonmax": 121.4031029760743, "latmin": 31.227975946901278}