{"latmax": 31.232815227700733, "centerlon": 121.40671869509289, "gridID": 654, "lonmin": 121.40656148991816, "centerlat": 31.23268080648503, "lonmax": 121.40687590026762, "latmin": 31.232546385269323}