{"latmax": 31.227975946901278, "centerlon": 121.40011607775462, "gridID": 446, "lonmin": 121.3999588725799, "centerlat": 31.227841518801327, "lonmax": 121.40027328292933, "latmin": 31.227707090701376}