{"latmax": 31.235503609941873, "centerlon": 121.40593266921928, "gridID": 306, "lonmin": 121.40561825886985, "centerlat": 31.235234774777656, "lonmax": 121.40624707956873, "latmin": 31.23496593961344}