{"depth": 77.64901733398438, "height": 200, "buildingCount": 7, "RTCy": 496.1474609375, "gridID": 103, "RTCx": -280.861328125, "width": 131.781005859375}