{"latmax": 31.234159428383425, "centerlon": 121.4067186950929, "gridID": 673, "lonmin": 121.40656148991816, "centerlat": 31.23402500908012, "lonmax": 121.40687590026762, "latmin": 31.233890589776824}