{"latmax": 31.233352910268707, "centerlon": 121.40719031061705, "gridID": 298, "lonmin": 121.40687590026762, "centerlat": 31.233084068984724, "lonmax": 121.40750472096649, "latmin": 31.232815227700733}