{"latmax": 31.22313641827917, "centerlon": 121.40703310544232, "gridID": 331, "lonmin": 121.40687590026762, "centerlat": 31.22300198329557, "lonmax": 121.40719031061705, "latmin": 31.22286754831197}