{"latmax": 31.221523187003864, "centerlon": 121.39146979314495, "gridID": 102, "lonmin": 121.39115538279552, "centerlat": 31.221254312065454, "lonmax": 121.3917842034944, "latmin": 31.220985437127045}