{"latmax": 31.22448075664281, "centerlon": 121.39791520530852, "gridID": 380, "lonmin": 121.3977580001338, "centerlat": 31.224346323571275, "lonmax": 121.39807241048324, "latmin": 31.224211890499742}