{"latmax": 31.231202161638116, "centerlon": 121.40168812950182, "gridID": 591, "lonmin": 121.4015309243271, "centerlat": 31.23106773812759, "lonmax": 121.40184533467654, "latmin": 31.23093331461706}