{"latmax": 31.216145550577426, "centerlon": 121.40719031061705, "gridID": 7, "lonmin": 121.40687590026762, "centerlat": 31.215876660343945, "lonmax": 121.40750472096649, "latmin": 31.215607770110466}