{"latmax": 31.224211890499742, "centerlon": 121.40341738642374, "gridID": 164, "lonmin": 121.4031029760743, "centerlat": 31.223943023209422, "lonmax": 121.4037317967732, "latmin": 31.2236741559191}