{"latmax": 31.21883440702852, "centerlon": 121.41567939005199, "gridID": 19, "lonmin": 121.4150505693531, "centerlat": 31.21829664032674, "lonmax": 121.41630821075087, "latmin": 31.21775887362497}