{"latmax": 31.22582507588554, "centerlon": 121.40137371915239, "gridID": 412, "lonmin": 121.40121651397766, "centerlat": 31.22569064472611, "lonmax": 121.4015309243271, "latmin": 31.22555621356669}