{"latmax": 31.222060933821524, "centerlon": 121.39335625524161, "gridID": 122, "lonmin": 121.39304184489218, "centerlat": 31.221792060412696, "lonmax": 121.39367066559105, "latmin": 31.221523187003864}