{"depth": 98.26100635528564, "height": 200, "buildingCount": 5, "RTCy": -56.23605499267578, "gridID": 54, "RTCx": 273.9403350830078, "width": 102.75801086425781}