{"latmax": 31.228513657006445, "centerlon": 121.40593266921928, "gridID": 212, "lonmin": 121.40561825886985, "centerlat": 31.228244801953867, "lonmax": 121.40624707956873, "latmin": 31.227975946901278}