{"latmax": 31.229589068038024, "centerlon": 121.40310297607431, "gridID": 96, "lonmin": 121.40247415537543, "centerlat": 31.22905136252223, "lonmax": 121.4037317967732, "latmin": 31.228513657006445}