{"latmax": 31.2306644668311, "centerlon": 121.40467502782153, "gridID": 256, "lonmin": 121.4043606174721, "centerlat": 31.23039561789775, "lonmax": 121.40498943817096, "latmin": 31.230126768964404}