{"latmax": 31.22259867757997, "centerlon": 121.39272743454273, "gridID": 136, "lonmin": 121.39241302419329, "centerlat": 31.222329805700742, "lonmax": 121.39304184489218, "latmin": 31.222060933821524}