{"latmax": 31.218027758122982, "centerlon": 121.41174926068395, "gridID": 57, "lonmin": 121.41159205550925, "centerlat": 31.21789331587398, "lonmax": 121.41190646585868, "latmin": 31.21775887362497}