{"latmax": 31.224211890499742, "centerlon": 121.40326018124902, "gridID": 375, "lonmin": 121.4031029760743, "centerlat": 31.224077457045784, "lonmax": 121.40341738642375, "latmin": 31.223943023591836}