{"latmax": 31.220716561041446, "centerlon": 121.40986279858731, "gridID": 177, "lonmin": 121.40970559341258, "centerlat": 31.220582122616253, "lonmax": 121.41002000376204, "latmin": 31.220447684191065}