{"latmax": 31.222060933821524, "centerlon": 121.40781913131593, "gridID": 125, "lonmin": 121.40750472096649, "centerlat": 31.221792060412696, "lonmax": 121.40813354166538, "latmin": 31.221523187003864}