{"latmax": 31.21937216914177, "centerlon": 121.4097055934126, "gridID": 51, "lonmin": 121.40939118306315, "centerlat": 31.219103288085144, "lonmax": 121.41002000376204, "latmin": 31.21883440702852}