{"latmax": 31.21883440702852, "centerlon": 121.41316410725646, "gridID": 17, "lonmin": 121.41253528655757, "centerlat": 31.21829664032674, "lonmax": 121.41379292795534, "latmin": 31.21775887362497}