{"latmax": 31.22905136405203, "centerlon": 121.40593266921928, "gridID": 224, "lonmin": 121.40561825886985, "centerlat": 31.228782510529236, "lonmax": 121.40624707956873, "latmin": 31.228513657006445}