{"latmax": 31.2306644668311, "centerlon": 121.40593266921928, "gridID": 258, "lonmin": 121.40561825886985, "centerlat": 31.230395617897752, "lonmax": 121.40624707956873, "latmin": 31.230126768964404}