{"latmax": 31.219103288467526, "centerlon": 121.40734751579176, "gridID": 93, "lonmin": 121.40719031061705, "centerlat": 31.218968847748023, "lonmax": 121.40750472096649, "latmin": 31.21883440702852}