{"latmax": 31.228513657006445, "centerlon": 121.40561825886985, "gridID": 91, "lonmin": 121.40498943817096, "centerlat": 31.227975945371508, "lonmax": 121.40624707956873, "latmin": 31.22743823373657}