{"latmax": 31.2306644668311, "centerlon": 121.40137371915239, "gridID": 570, "lonmin": 121.40121651397766, "centerlat": 31.230530042555657, "lonmax": 121.4015309243271, "latmin": 31.230395618280212}