{"latmax": 31.231471007894218, "centerlon": 121.40514664334567, "gridID": 603, "lonmin": 121.40498943817096, "centerlat": 31.231336584766165, "lonmax": 121.40530384852039, "latmin": 31.231202161638116}