{"latmax": 31.226362798228674, "centerlon": 121.39225581901857, "gridID": 425, "lonmin": 121.39209861384386, "centerlat": 31.226228367834114, "lonmax": 121.39241302419329, "latmin": 31.22609393743955}