{"depth": 101.85800170898438, "height": 200, "buildingCount": 2, "RTCy": 128.6718635559082, "gridID": 69, "RTCx": -371.5821228027344, "width": 140.177001953125}