{"latmax": 31.220716561041446, "centerlon": 121.41112043998508, "gridID": 179, "lonmin": 121.41096323481035, "centerlat": 31.220582122616253, "lonmax": 121.41127764515981, "latmin": 31.220447684191065}