{"latmax": 31.219909928195968, "centerlon": 121.41190646585869, "gridID": 24, "lonmin": 121.41127764515981, "centerlat": 31.219372167612242, "lonmax": 121.41253528655757, "latmin": 31.21883440702852}