{"latmax": 31.222060933821524, "centerlon": 121.412849696907, "gridID": 131, "lonmin": 121.41253528655757, "centerlat": 31.221792060412696, "lonmax": 121.41316410725643, "latmin": 31.221523187003864}