{"latmax": 31.216414439663847, "centerlon": 121.41489336417837, "gridID": 25, "lonmin": 121.41473615900367, "centerlat": 31.216279995120637, "lonmax": 121.4150505693531, "latmin": 31.216145550577426}