{"latmax": 31.220985437127045, "centerlon": 121.39178420349441, "gridID": 29, "lonmin": 121.39115538279552, "centerlat": 31.220447682661504, "lonmax": 121.39241302419329, "latmin": 31.219909928195968}