{"latmax": 31.231739853385413, "centerlon": 121.4016881295018, "gridID": 617, "lonmin": 121.4015309243271, "centerlat": 31.231605430639814, "lonmax": 121.40184533467654, "latmin": 31.231471007894218}