{"latmax": 31.220716561041446, "centerlon": 121.3931990500669, "gridID": 170, "lonmin": 121.39304184489218, "centerlat": 31.22058212261625, "lonmax": 121.39335625524161, "latmin": 31.220447684191065}