{"latmax": 31.221254312447858, "centerlon": 121.41615100557615, "gridID": 229, "lonmin": 121.41599380040142, "centerlat": 31.22111987478745, "lonmax": 121.41630821075087, "latmin": 31.220985437127045}