{"depth": 62.127004623413086, "height": 200, "buildingCount": 7, "RTCy": -52.48553139822824, "gridID": 51, "RTCx": 35.6595892906189, "width": 103.08100271224976}