{"latmax": 31.22609393743955, "centerlon": 121.39885843635685, "gridID": 420, "lonmin": 121.39870123118213, "centerlat": 31.225959506662544, "lonmax": 121.39901564153158, "latmin": 31.22582507588554}