{"latmax": 31.216414439663847, "centerlon": 121.40923397788843, "gridID": 23, "lonmin": 121.40907677271372, "centerlat": 31.216279995120637, "lonmax": 121.40939118306315, "latmin": 31.216145550577426}