{"depth": 493.90000915527344, "height": 200, "buildingCount": 10, "RTCy": 22.72730712890625, "gridID": 48, "RTCx": -245.61030120849608, "width": 155.31198120117188}