{"latmax": 31.21937216914177, "centerlon": 121.40844795201482, "gridID": 49, "lonmin": 121.40813354166538, "centerlat": 31.219103288085147, "lonmax": 121.40876236236426, "latmin": 31.21883440702852}