{"latmax": 31.230395618280212, "centerlon": 121.40200253985125, "gridID": 556, "lonmin": 121.40184533467654, "centerlat": 31.230261193622308, "lonmax": 121.402159745026, "latmin": 31.230126768964404}