{"latmax": 31.220447684191065, "centerlon": 121.41410733830477, "gridID": 76, "lonmin": 121.41379292795534, "centerlat": 31.220178806193516, "lonmax": 121.4144217486542, "latmin": 31.219909928195968}