{"latmax": 31.22582507588554, "centerlon": 121.39728638460963, "gridID": 409, "lonmin": 121.39712917943491, "centerlat": 31.225690644726114, "lonmax": 121.39744358978434, "latmin": 31.22555621356669}