{"latmax": 31.222060933821524, "centerlon": 121.40907677271372, "gridID": 127, "lonmin": 121.40876236236426, "centerlat": 31.221792060412696, "lonmax": 121.40939118306315, "latmin": 31.221523187003864}