{"latmax": 31.231739853385413, "centerlon": 121.3977580001338, "gridID": 268, "lonmin": 121.39744358978434, "centerlat": 31.231471007511768, "lonmax": 121.39807241048324, "latmin": 31.231202161638116}