{"latmax": 31.22448075664281, "centerlon": 121.4082907468401, "gridID": 385, "lonmin": 121.40813354166538, "centerlat": 31.224346323571275, "lonmax": 121.40844795201481, "latmin": 31.224211890499742}