{"latmax": 31.230126768964404, "centerlon": 121.40043048810405, "gridID": 542, "lonmin": 121.40027328292933, "centerlat": 31.22999234392403, "lonmax": 121.40058769327877, "latmin": 31.229857918883656}