{"latmax": 31.232815227700733, "centerlon": 121.39807241048324, "gridID": 113, "lonmin": 121.39744358978434, "centerlat": 31.232277540543073, "lonmax": 121.39870123118213, "latmin": 31.231739853385413}