{"latmax": 31.233352910268707, "centerlon": 121.40656148991818, "gridID": 297, "lonmin": 121.40624707956873, "centerlat": 31.233084068984716, "lonmax": 121.40687590026762, "latmin": 31.232815227700733}