{"latmax": 31.219641049051248, "centerlon": 121.40671869509289, "gridID": 115, "lonmin": 121.40656148991816, "centerlat": 31.21950660909651, "lonmax": 121.40687590026762, "latmin": 31.21937216914177}