{"latmax": 31.22259867757997, "centerlon": 121.3933562552416, "gridID": 137, "lonmin": 121.39304184489218, "centerlat": 31.22232980570075, "lonmax": 121.39367066559105, "latmin": 31.222060933821524}