{"latmax": 31.222060933821524, "centerlon": 121.40954838823787, "gridID": 287, "lonmin": 121.40939118306315, "centerlat": 31.221926497308313, "lonmax": 121.40970559341258, "latmin": 31.221792060795096}