{"latmax": 31.233621750405245, "centerlon": 121.40640428474345, "gridID": 669, "lonmin": 121.40624707956873, "centerlat": 31.233487330336978, "lonmax": 121.40656148991816, "latmin": 31.233352910268707}