{"latmax": 31.220985437127045, "centerlon": 121.4076619261412, "gridID": 198, "lonmin": 121.40750472096649, "centerlat": 31.220850999084245, "lonmax": 121.40781913131595, "latmin": 31.220716561041446}