{"latmax": 31.221523187003864, "centerlon": 121.40923397788842, "gridID": 250, "lonmin": 121.40907677271372, "centerlat": 31.221388749725865, "lonmax": 121.40939118306315, "latmin": 31.221254312447858}