{"latmax": 31.22878251091168, "centerlon": 121.40011607775462, "gridID": 480, "lonmin": 121.3999588725799, "centerlat": 31.228648083959065, "lonmax": 121.40027328292933, "latmin": 31.228513657006445}