{"latmax": 31.216952215542488, "centerlon": 121.40860515718954, "gridID": 35, "lonmin": 121.40844795201481, "centerlat": 31.216817771764017, "lonmax": 121.40876236236426, "latmin": 31.216683327985535}