{"latmax": 31.2236741559191, "centerlon": 121.40703310544234, "gridID": 354, "lonmin": 121.40687590026762, "centerlat": 31.22353972170032, "lonmax": 121.40719031061705, "latmin": 31.22340528748154}