{"latmax": 31.221523187003864, "centerlon": 121.39068376727136, "gridID": 236, "lonmin": 121.39052656209662, "centerlat": 31.221388749725858, "lonmax": 121.39084097244609, "latmin": 31.221254312447858}