{"latmax": 31.223943023591836, "centerlon": 121.40263136055015, "gridID": 367, "lonmin": 121.40247415537543, "centerlat": 31.223808589755468, "lonmax": 121.40278856572486, "latmin": 31.2236741559191}