{"latmax": 31.22259867757997, "centerlon": 121.40860515718953, "gridID": 315, "lonmin": 121.40844795201481, "centerlat": 31.22246424183156, "lonmax": 121.40876236236426, "latmin": 31.222329806083152}