{"latmax": 31.221254312447858, "centerlon": 121.39005494657248, "gridID": 211, "lonmin": 121.38989774139776, "centerlat": 31.22111987478745, "lonmax": 121.39021215174719, "latmin": 31.220985437127045}