{"latmax": 31.219909928195968, "centerlon": 121.40687590026761, "gridID": 20, "lonmin": 121.40624707956873, "centerlat": 31.219372167612242, "lonmax": 121.40750472096649, "latmin": 31.21883440702852}