{"latmax": 31.229589068038024, "centerlon": 121.40467502782153, "gridID": 233, "lonmin": 121.4043606174721, "centerlat": 31.229320216045025, "lonmax": 121.40498943817096, "latmin": 31.22905136405203}