{"latmax": 31.22259867757997, "centerlon": 121.40797633649068, "gridID": 313, "lonmin": 121.40781913131595, "centerlat": 31.22246424183156, "lonmax": 121.40813354166538, "latmin": 31.222329806083152}