{"latmax": 31.221523187003864, "centerlon": 121.39194140866911, "gridID": 239, "lonmin": 121.3917842034944, "centerlat": 31.221388749725858, "lonmax": 121.39209861384386, "latmin": 31.221254312447858}