{"latmax": 31.2306644668311, "centerlon": 121.40027328292933, "gridID": 249, "lonmin": 121.3999588725799, "centerlat": 31.23039561789775, "lonmax": 121.40058769327877, "latmin": 31.230126768964404}