{"latmax": 31.219909928195968, "centerlon": 121.41064882446094, "gridID": 23, "lonmin": 121.41002000376204, "centerlat": 31.219372167612242, "lonmax": 121.41127764515981, "latmin": 31.21883440702852}