{"latmax": 31.22905136405203, "centerlon": 121.40168812950182, "gridID": 497, "lonmin": 121.4015309243271, "centerlat": 31.22891693748186, "lonmax": 121.40184533467654, "latmin": 31.22878251091168}