{"latmax": 31.233084069367195, "centerlon": 121.40105930880293, "gridID": 657, "lonmin": 121.4009021036282, "centerlat": 31.23294964853396, "lonmax": 121.40121651397766, "latmin": 31.232815227700733}