{"latmax": 31.234428266225077, "centerlon": 121.40719031061707, "gridID": 303, "lonmin": 121.40687590026762, "centerlat": 31.23415942800095, "lonmax": 121.40750472096649, "latmin": 31.233890589776824}