{"latmax": 31.232546385269323, "centerlon": 121.40105930880293, "gridID": 646, "lonmin": 121.4009021036282, "centerlat": 31.232411963671144, "lonmax": 121.40121651397766, "latmin": 31.232277542072964}