{"latmax": 31.21829664185625, "centerlon": 121.41159205550925, "gridID": 32, "lonmin": 121.41127764515981, "centerlat": 31.218027757740607, "lonmax": 121.41190646585868, "latmin": 31.21775887362497}