{"latmax": 31.232008698111656, "centerlon": 121.40231695020071, "gridID": 631, "lonmin": 121.402159745026, "centerlat": 31.231874275748535, "lonmax": 121.40247415537543, "latmin": 31.231739853385413}