{"latmax": 31.221254312447858, "centerlon": 121.40766192614122, "gridID": 218, "lonmin": 121.40750472096649, "centerlat": 31.22111987478745, "lonmax": 121.40781913131595, "latmin": 31.220985437127045}