{"latmax": 31.231739853385413, "centerlon": 121.39948725705572, "gridID": 610, "lonmin": 121.39933005188101, "centerlat": 31.231605430639814, "lonmax": 121.39964446223044, "latmin": 31.231471007894218}