{"latmax": 31.216683327985535, "centerlon": 121.40813354166538, "gridID": 4, "lonmin": 121.40750472096649, "centerlat": 31.216145549048, "lonmax": 121.40876236236426, "latmin": 31.215607770110466}