{"latmax": 31.232815227700733, "centerlon": 121.40153092432709, "gridID": 290, "lonmin": 121.40121651397766, "centerlat": 31.23254638488685, "lonmax": 121.40184533467654, "latmin": 31.232277542072964}