{"latmax": 31.227707090701376, "centerlon": 121.40011607775463, "gridID": 441, "lonmin": 121.3999588725799, "centerlat": 31.227572662218975, "lonmax": 121.40027328292933, "latmin": 31.22743823373657}