{"latmax": 31.219103288467526, "centerlon": 121.40766192614122, "gridID": 94, "lonmin": 121.40750472096649, "centerlat": 31.218968847748023, "lonmax": 121.40781913131595, "latmin": 31.21883440702852}