{"latmax": 31.221523187003864, "centerlon": 121.39005494657248, "gridID": 234, "lonmin": 121.38989774139776, "centerlat": 31.221388749725865, "lonmax": 121.39021215174719, "latmin": 31.221254312447858}