{"latmax": 31.224749622021044, "centerlon": 121.39980166740517, "gridID": 392, "lonmin": 121.39964446223044, "centerlat": 31.224615189331928, "lonmax": 121.3999588725799, "latmin": 31.22448075664281}