{"latmax": 31.222060933821524, "centerlon": 121.41049161928619, "gridID": 288, "lonmin": 121.41033441411147, "centerlat": 31.221926497308313, "lonmax": 121.4106488244609, "latmin": 31.221792060795096}