{"latmax": 31.221792060795096, "centerlon": 121.3931990500669, "gridID": 262, "lonmin": 121.39304184489218, "centerlat": 31.221657623899482, "lonmax": 121.39335625524161, "latmin": 31.221523187003864}