{"latmax": 31.21883440702852, "centerlon": 121.4119064658587, "gridID": 16, "lonmin": 121.41127764515981, "centerlat": 31.218296640326745, "lonmax": 121.41253528655757, "latmin": 31.21775887362497}