{"latmax": 31.230126768964404, "centerlon": 121.39948725705571, "gridID": 541, "lonmin": 121.39933005188101, "centerlat": 31.22999234392403, "lonmax": 121.39964446223044, "latmin": 31.229857918883656}