{"latmax": 31.231739853385413, "centerlon": 121.40200253985127, "gridID": 618, "lonmin": 121.40184533467654, "centerlat": 31.231605430639814, "lonmax": 121.402159745026, "latmin": 31.231471007894218}