{"latmax": 31.230126768964404, "centerlon": 121.40608987439401, "gridID": 553, "lonmin": 121.40593266921928, "centerlat": 31.22999234392403, "lonmax": 121.40624707956873, "latmin": 31.229857918883656}