{"latmax": 31.231202161638116, "centerlon": 121.40153092432709, "gridID": 263, "lonmin": 121.40121651397766, "centerlat": 31.23093331423461, "lonmax": 121.40184533467654, "latmin": 31.2306644668311}