{"latmax": 31.22609393743955, "centerlon": 121.39225581901857, "gridID": 413, "lonmin": 121.39209861384386, "centerlat": 31.225959506662544, "lonmax": 121.39241302419329, "latmin": 31.22582507588554}