{"latmax": 31.230395618280212, "centerlon": 121.40043048810405, "gridID": 555, "lonmin": 121.40027328292933, "centerlat": 31.230261193622308, "lonmax": 121.40058769327877, "latmin": 31.230126768964404}