{"depth": 111.77099609375, "height": 200, "buildingCount": 5, "RTCy": 586.6161865234375, "gridID": 114, "RTCx": -278.24827575683594, "width": 108.34600830078125}