{"latmax": 31.219103288467526, "centerlon": 121.40703310544234, "gridID": 92, "lonmin": 121.40687590026762, "centerlat": 31.218968847748023, "lonmax": 121.40719031061705, "latmin": 31.21883440702852}