{"depth": 59.188995361328125, "height": 200, "buildingCount": 5, "RTCy": 175.18049011230468, "gridID": 75, "RTCx": 188.77098388671874, "width": 57.53300476074219}