{"latmax": 31.22286754831197, "centerlon": 121.40671869509288, "gridID": 319, "lonmin": 121.40656148991816, "centerlat": 31.22273311294597, "lonmax": 121.40687590026762, "latmin": 31.22259867757997}