{"latmax": 31.221254312447858, "centerlon": 121.40829074684008, "gridID": 220, "lonmin": 121.40813354166538, "centerlat": 31.22111987478745, "lonmax": 121.40844795201481, "latmin": 31.220985437127045}