{"latmax": 31.222329806083152, "centerlon": 121.41017720893676, "gridID": 302, "lonmin": 121.41002000376204, "centerlat": 31.22219536995234, "lonmax": 121.41033441411147, "latmin": 31.222060933821524}