{"latmax": 31.236310109697083, "centerlon": 121.40514664334569, "gridID": 686, "lonmin": 121.40498943817096, "centerlat": 31.23617569345371, "lonmax": 121.40530384852039, "latmin": 31.236041277210337}