{"latmax": 31.22286754831197, "centerlon": 121.40640428474345, "gridID": 318, "lonmin": 121.40624707956873, "centerlat": 31.22273311294597, "lonmax": 121.40656148991816, "latmin": 31.22259867757997}