{"latmax": 31.233084069367195, "centerlon": 121.40168812950182, "gridID": 659, "lonmin": 121.4015309243271, "centerlat": 31.232949648533964, "lonmax": 121.40184533467654, "latmin": 31.232815227700733}