{"latmax": 31.22259867757997, "centerlon": 121.40781913131592, "gridID": 140, "lonmin": 121.40750472096649, "centerlat": 31.222329805700742, "lonmax": 121.40813354166538, "latmin": 31.222060933821524}