{"latmax": 31.221523187003864, "centerlon": 121.39382787076576, "gridID": 244, "lonmin": 121.39367066559105, "centerlat": 31.22138874972586, "lonmax": 121.39398507594049, "latmin": 31.221254312447858}