{"latmax": 31.220985437127045, "centerlon": 121.41442174865422, "gridID": 37, "lonmin": 121.41379292795534, "centerlat": 31.220447682661508, "lonmax": 121.4150505693531, "latmin": 31.219909928195968}