{"latmax": 31.228513657006445, "centerlon": 121.4053038485204, "gridID": 211, "lonmin": 121.40498943817096, "centerlat": 31.22824480195386, "lonmax": 121.40561825886985, "latmin": 31.227975946901278}