{"latmax": 31.226362798228674, "centerlon": 121.39697197426021, "gridID": 429, "lonmin": 121.39681476908548, "centerlat": 31.226228367834114, "lonmax": 121.39712917943491, "latmin": 31.22609393743955}