{"latmax": 31.228513657006445, "centerlon": 121.40011607775463, "gridID": 466, "lonmin": 121.3999588725799, "centerlat": 31.228379229671376, "lonmax": 121.40027328292933, "latmin": 31.22824480233631}