{"latmax": 31.219641049051248, "centerlon": 121.40829074684011, "gridID": 119, "lonmin": 121.40813354166538, "centerlat": 31.21950660909651, "lonmax": 121.40844795201481, "latmin": 31.21937216914177}