{"latmax": 31.224749622021044, "centerlon": 121.39508551216355, "gridID": 388, "lonmin": 121.39492830698882, "centerlat": 31.224615189331928, "lonmax": 121.39524271733828, "latmin": 31.22448075664281}