{"latmax": 31.2306644668311, "centerlon": 121.39917284670629, "gridID": 567, "lonmin": 121.39901564153158, "centerlat": 31.230530042555657, "lonmax": 121.39933005188101, "latmin": 31.230395618280212}