{"latmax": 31.215607770110466, "centerlon": 121.41064882446094, "gridID": 2, "lonmin": 121.41002000376204, "centerlat": 31.215069985055223, "lonmax": 121.41127764515981, "latmin": 31.214532199999983}