{"latmax": 31.221254312447858, "centerlon": 121.40891956753899, "gridID": 222, "lonmin": 121.40876236236426, "centerlat": 31.22111987478745, "lonmax": 121.40907677271372, "latmin": 31.220985437127045}