{"latmax": 31.231202161638116, "centerlon": 121.40200253985127, "gridID": 592, "lonmin": 121.40184533467654, "centerlat": 31.231067738127592, "lonmax": 121.402159745026, "latmin": 31.23093331461706}