{"latmax": 31.228513657006445, "centerlon": 121.40294577089958, "gridID": 470, "lonmin": 121.40278856572486, "centerlat": 31.228379229671376, "lonmax": 121.4031029760743, "latmin": 31.22824480233631}