{"latmax": 31.22905136405203, "centerlon": 121.4053038485204, "gridID": 223, "lonmin": 121.40498943817096, "centerlat": 31.22878251052924, "lonmax": 121.40561825886985, "latmin": 31.228513657006445}