{"latmax": 31.222060933821524, "centerlon": 121.38926892069887, "gridID": 40, "lonmin": 121.38864009999999, "centerlat": 31.221523185474283, "lonmax": 121.38989774139776, "latmin": 31.220985437127045}