{"latmax": 31.230126768964404, "centerlon": 121.4015309243271, "gridID": 239, "lonmin": 121.40121651397766, "centerlat": 31.229857918501214, "lonmax": 121.40184533467654, "latmin": 31.229589068038024}