{"latmax": 31.220985437127045, "centerlon": 121.4164654159256, "gridID": 208, "lonmin": 121.41630821075087, "centerlat": 31.220850999084245, "lonmax": 121.4166226211003, "latmin": 31.220716561041446}