{"latmax": 31.23496593961344, "centerlon": 121.40687590026761, "gridID": 125, "lonmin": 121.40624707956873, "centerlat": 31.234428264695133, "lonmax": 121.40750472096649, "latmin": 31.233890589776824}