{"latmax": 31.21829664185625, "centerlon": 121.41536497970256, "gridID": 37, "lonmin": 121.4150505693531, "centerlat": 31.218027757740607, "lonmax": 121.41567939005199, "latmin": 31.21775887362497}