{"latmax": 31.235503609941873, "centerlon": 121.40640428474345, "gridID": 684, "lonmin": 121.40624707956873, "centerlat": 31.23536919255101, "lonmax": 121.40656148991816, "latmin": 31.235234775160144}