{"latmax": 31.2236741559191, "centerlon": 121.40891956753899, "gridID": 360, "lonmin": 121.40876236236426, "centerlat": 31.22353972170032, "lonmax": 121.40907677271372, "latmin": 31.22340528748154}