{"latmax": 31.229857918883656, "centerlon": 121.40514664334569, "gridID": 538, "lonmin": 121.40498943817096, "centerlat": 31.22972349346084, "lonmax": 121.40530384852039, "latmin": 31.229589068038024}