{"latmax": 31.22824480233631, "centerlon": 121.40326018124901, "gridID": 456, "lonmin": 121.4031029760743, "centerlat": 31.228110374618797, "lonmax": 121.40341738642375, "latmin": 31.227975946901278}