{"latmax": 31.232815227700733, "centerlon": 121.40090210362821, "gridID": 289, "lonmin": 121.40058769327877, "centerlat": 31.23254638488685, "lonmax": 121.40121651397766, "latmin": 31.232277542072964}