{"latmax": 31.21937216914177, "centerlon": 121.40986279858731, "gridID": 109, "lonmin": 121.40970559341258, "centerlat": 31.21923772880465, "lonmax": 121.41002000376204, "latmin": 31.219103288467526}