{"latmax": 31.226900517512377, "centerlon": 121.4015309243271, "gridID": 200, "lonmin": 121.40121651397766, "centerlat": 31.226631657870527, "lonmax": 121.40184533467654, "latmin": 31.226362798228674}