{"latmax": 31.21937216914177, "centerlon": 121.41222087620812, "gridID": 52, "lonmin": 121.41190646585868, "centerlat": 31.219103288085144, "lonmax": 121.41253528655757, "latmin": 31.21883440702852}