{"latmax": 31.220716561041446, "centerlon": 121.40797633649065, "gridID": 174, "lonmin": 121.40781913131595, "centerlat": 31.22058212261625, "lonmax": 121.40813354166538, "latmin": 31.220447684191065}