{"latmax": 31.21883440702852, "centerlon": 121.41473615900367, "gridID": 45, "lonmin": 121.4144217486542, "centerlat": 31.218565524442383, "lonmax": 121.4150505693531, "latmin": 31.21829664185625}