{"latmax": 31.222060933821524, "centerlon": 121.39084097244607, "gridID": 119, "lonmin": 121.39052656209662, "centerlat": 31.221792060412696, "lonmax": 121.39115538279552, "latmin": 31.221523187003864}