{"latmax": 31.221254312447858, "centerlon": 121.40797633649066, "gridID": 219, "lonmin": 121.40781913131595, "centerlat": 31.22111987478745, "lonmax": 121.40813354166538, "latmin": 31.220985437127045}