{"latmax": 31.2236741559191, "centerlon": 121.40766192614122, "gridID": 356, "lonmin": 121.40750472096649, "centerlat": 31.22353972170032, "lonmax": 121.40781913131595, "latmin": 31.22340528748154}