{"latmax": 31.222329806083152, "centerlon": 121.39036935692191, "gridID": 289, "lonmin": 121.39021215174719, "centerlat": 31.22219536995234, "lonmax": 121.39052656209662, "latmin": 31.222060933821524}