{"latmax": 31.21937216914177, "centerlon": 121.41473615900367, "gridID": 55, "lonmin": 121.4144217486542, "centerlat": 31.219103288085144, "lonmax": 121.4150505693531, "latmin": 31.21883440702852}