{"latmax": 31.216683327985535, "centerlon": 121.40734751579177, "gridID": 26, "lonmin": 121.40719031061705, "centerlat": 31.216548883824693, "lonmax": 121.40750472096649, "latmin": 31.216414439663847}