{"latmax": 31.22313641827917, "centerlon": 121.40907677271372, "gridID": 149, "lonmin": 121.40876236236426, "centerlat": 31.22286754792957, "lonmax": 121.40939118306315, "latmin": 31.22259867757997}