{"latmax": 31.231202161638116, "centerlon": 121.39775800013379, "gridID": 259, "lonmin": 121.39744358978434, "centerlat": 31.23093331423461, "lonmax": 121.39807241048324, "latmin": 31.2306644668311}