{"latmax": 31.220985437127045, "centerlon": 121.41457895382894, "gridID": 206, "lonmin": 121.4144217486542, "centerlat": 31.220850999084245, "lonmax": 121.41473615900367, "latmin": 31.220716561041446}