{"latmax": 31.22313641827917, "centerlon": 121.41049161928618, "gridID": 339, "lonmin": 121.41033441411147, "centerlat": 31.22300198329557, "lonmax": 121.4106488244609, "latmin": 31.22286754831197}