{"latmax": 31.215069986584638, "centerlon": 121.41033441411147, "gridID": 3, "lonmin": 121.41002000376204, "centerlat": 31.21480109329231, "lonmax": 121.4106488244609, "latmin": 31.214532199999983}