{"latmax": 31.22313641827917, "centerlon": 121.40844795201482, "gridID": 148, "lonmin": 121.40813354166538, "centerlat": 31.22286754792957, "lonmax": 121.40876236236426, "latmin": 31.22259867757997}