{"latmax": 31.2306644668311, "centerlon": 121.40577546404457, "gridID": 577, "lonmin": 121.40561825886985, "centerlat": 31.230530042555657, "lonmax": 121.40593266921928, "latmin": 31.230395618280212}