{"latmax": 31.224211890499742, "centerlon": 121.40278856572486, "gridID": 163, "lonmin": 121.40247415537543, "centerlat": 31.223943023209422, "lonmax": 121.4031029760743, "latmin": 31.2236741559191}