{"latmax": 31.2306644668311, "centerlon": 121.40090210362821, "gridID": 250, "lonmin": 121.40058769327877, "centerlat": 31.230395617897752, "lonmax": 121.40121651397766, "latmin": 31.230126768964404}