{"latmax": 31.219909928195968, "centerlon": 121.40986279858733, "gridID": 135, "lonmin": 121.40970559341258, "centerlat": 31.219775488623608, "lonmax": 121.41002000376204, "latmin": 31.219641049051248}