{"latmax": 31.220985437127045, "centerlon": 121.41112043998508, "gridID": 204, "lonmin": 121.41096323481035, "centerlat": 31.220850999084245, "lonmax": 121.41127764515981, "latmin": 31.220716561041446}