{"latmax": 31.22259867757997, "centerlon": 121.3916269983197, "gridID": 305, "lonmin": 121.39146979314496, "centerlat": 31.22246424183156, "lonmax": 121.3917842034944, "latmin": 31.222329806083152}