{"depth": 139.06500244140625, "height": 200, "buildingCount": 8, "RTCy": 382.42616271972656, "gridID": 94, "RTCx": -84.26265907287598, "width": 129.13500213623047}