{"latmax": 31.220178806575902, "centerlon": 121.40891956753899, "gridID": 145, "lonmin": 121.40876236236426, "centerlat": 31.220044367385935, "lonmax": 121.40907677271372, "latmin": 31.219909928195968}