{"latmax": 31.21775887362497, "centerlon": 121.41410733830479, "gridID": 25, "lonmin": 121.41379292795534, "centerlat": 31.217489987979846, "lonmax": 121.4144217486542, "latmin": 31.217221102334722}