{"latmax": 31.221523187003864, "centerlon": 121.3894261258736, "gridID": 232, "lonmin": 121.38926892069887, "centerlat": 31.221388749725858, "lonmax": 121.38958333104833, "latmin": 31.221254312447858}