{"latmax": 31.229589068038024, "centerlon": 121.40608987439401, "gridID": 528, "lonmin": 121.40593266921928, "centerlat": 31.229454642232742, "lonmax": 121.40624707956873, "latmin": 31.22932021642747}