{"latmax": 31.221523187003864, "centerlon": 121.40766192614122, "gridID": 245, "lonmin": 121.40750472096649, "centerlat": 31.221388749725858, "lonmax": 121.40781913131595, "latmin": 31.221254312447858}