{"latmax": 31.226362798228674, "centerlon": 121.40043048810406, "gridID": 432, "lonmin": 121.40027328292933, "centerlat": 31.226228367834114, "lonmax": 121.40058769327877, "latmin": 31.22609393743955}