{"latmax": 31.226900517512377, "centerlon": 121.40168812950182, "gridID": 440, "lonmin": 121.4015309243271, "centerlat": 31.22676608788267, "lonmax": 121.40184533467654, "latmin": 31.226631658252956}