{"latmax": 31.22905136405203, "centerlon": 121.40420341229736, "gridID": 502, "lonmin": 121.40404620712263, "centerlat": 31.228916937481856, "lonmax": 121.4043606174721, "latmin": 31.22878251091168}