{"latmax": 31.21883440702852, "centerlon": 121.41096323481037, "gridID": 39, "lonmin": 121.4106488244609, "centerlat": 31.218565524442383, "lonmax": 121.41127764515981, "latmin": 31.21829664185625}