{"latmax": 31.231739853385413, "centerlon": 121.40137371915239, "gridID": 616, "lonmin": 121.40121651397766, "centerlat": 31.231605430639817, "lonmax": 121.4015309243271, "latmin": 31.231471007894218}