{"latmax": 31.231471007894218, "centerlon": 121.39822961565795, "gridID": 595, "lonmin": 121.39807241048324, "centerlat": 31.231336584766165, "lonmax": 121.39838682083267, "latmin": 31.231202161638116}