{"latmax": 31.224749622021044, "centerlon": 121.40467502782153, "gridID": 176, "lonmin": 121.4043606174721, "centerlat": 31.224480756260395, "lonmax": 121.40498943817096, "latmin": 31.224211890499742}