{"latmax": 31.234697103301745, "centerlon": 121.40608987439403, "gridID": 677, "lonmin": 121.40593266921928, "centerlat": 31.234562684763407, "lonmax": 121.40624707956873, "latmin": 31.234428266225077}