{"depth": 187.781982421875, "height": 200, "buildingCount": 9, "RTCy": 450.1233079698351, "gridID": 92, "RTCx": -218.72666931152344, "width": 92.70599365234375}