{"latmax": 31.224211890499742, "centerlon": 121.39775800013378, "gridID": 161, "lonmin": 121.39744358978434, "centerlat": 31.223943023209426, "lonmax": 121.39807241048324, "latmin": 31.2236741559191}