{"latmax": 31.220985437127045, "centerlon": 121.4097055934126, "gridID": 90, "lonmin": 121.40939118306315, "centerlat": 31.220716560659056, "lonmax": 121.41002000376204, "latmin": 31.220447684191065}