{"latmax": 31.22905136405203, "centerlon": 121.39948725705572, "gridID": 492, "lonmin": 121.39933005188101, "centerlat": 31.22891693748186, "lonmax": 121.39964446223044, "latmin": 31.22878251091168}