{"latmax": 31.222060933821524, "centerlon": 121.41033441411147, "gridID": 129, "lonmin": 121.41002000376204, "centerlat": 31.221792060412696, "lonmax": 121.4106488244609, "latmin": 31.221523187003864}