{"latmax": 31.21829664185625, "centerlon": 121.41457895382892, "gridID": 75, "lonmin": 121.4144217486542, "centerlat": 31.21816219998961, "lonmax": 121.41473615900367, "latmin": 31.218027758122982}