{"latmax": 31.220447684191065, "centerlon": 121.40844795201482, "gridID": 67, "lonmin": 121.40813354166538, "centerlat": 31.220178806193516, "lonmax": 121.40876236236426, "latmin": 31.219909928195968}