{"latmax": 31.224749622021044, "centerlon": 121.39775800013379, "gridID": 171, "lonmin": 121.39744358978434, "centerlat": 31.22448075626039, "lonmax": 121.39807241048324, "latmin": 31.224211890499742}