{"depth": 138.16500854492188, "height": 200, "buildingCount": 10, "RTCy": 520.0407501220703, "gridID": 101, "RTCx": -466.4185089111328, "width": 83.41500854492188}