{"latmax": 31.22878251091168, "centerlon": 121.40734751579176, "gridID": 491, "lonmin": 121.40719031061705, "centerlat": 31.228648083959065, "lonmax": 121.40750472096649, "latmin": 31.228513657006445}