{"latmax": 31.219909928195968, "centerlon": 121.40671869509289, "gridID": 128, "lonmin": 121.40656148991816, "centerlat": 31.219775488623608, "lonmax": 121.40687590026762, "latmin": 31.219641049051248}