{"latmax": 31.22932021642747, "centerlon": 121.40577546404457, "gridID": 515, "lonmin": 121.40561825886985, "centerlat": 31.22918579023975, "lonmax": 121.40593266921928, "latmin": 31.22905136405203}