{"latmax": 31.232277542072964, "centerlon": 121.40153092432709, "gridID": 282, "lonmin": 121.40121651397766, "centerlat": 31.23200869772919, "lonmax": 121.40184533467654, "latmin": 31.231739853385413}