{"latmax": 31.221254312447858, "centerlon": 121.39036935692191, "gridID": 212, "lonmin": 121.39021215174719, "centerlat": 31.22111987478745, "lonmax": 121.39052656209662, "latmin": 31.220985437127045}