{"latmax": 31.220447684191065, "centerlon": 121.40954838823787, "gridID": 157, "lonmin": 121.40939118306315, "centerlat": 31.22031324538348, "lonmax": 121.40970559341258, "latmin": 31.220178806575902}