{"depth": 108.8759765625, "height": 200, "buildingCount": 8, "RTCy": 513.8620758056641, "gridID": 100, "RTCx": -532.2666702270508, "width": 37.4949951171875}