{"depth": 147.2410068511963, "height": 200, "buildingCount": 13, "RTCy": -41.004898658165565, "gridID": 52, "RTCx": 112.96973125751202, "width": 82.72000122070312}