{"depth": 235.39199829101562, "height": 200, "buildingCount": 17, "RTCy": 60.963026607737824, "gridID": 63, "RTCx": 146.48232628317442, "width": 221.7169952392578}