{"depth": 212.22799682617188, "height": 200, "buildingCount": 6, "RTCy": 441.2115224202474, "gridID": 99, "RTCx": 381.0838877360026, "width": 73.010009765625}