{"latmax": 31.21883440702852, "centerlon": 121.41064882446094, "gridID": 15, "lonmin": 121.41002000376204, "centerlat": 31.21829664032674, "lonmax": 121.41127764515981, "latmin": 31.21775887362497}