{"latmax": 31.232277542072964, "centerlon": 121.4053038485204, "gridID": 285, "lonmin": 121.40498943817096, "centerlat": 31.23200869772919, "lonmax": 121.40561825886985, "latmin": 31.231739853385413}