{"latmax": 31.23792308855239, "centerlon": 121.40891956753897, "gridID": 693, "lonmin": 121.40876236236426, "centerlat": 31.237788674604044, "lonmax": 121.40907677271372, "latmin": 31.237654260655706}