{"latmax": 31.228513657006445, "centerlon": 121.40577546404457, "gridID": 473, "lonmin": 121.40561825886985, "centerlat": 31.228379229671376, "lonmax": 121.40593266921928, "latmin": 31.22824480233631}