{"latmax": 31.216145550577426, "centerlon": 121.40829074684011, "gridID": 19, "lonmin": 121.40813354166538, "centerlat": 31.21601110565187, "lonmax": 121.40844795201481, "latmin": 31.215876660726313}