{"latmax": 31.231739853385413, "centerlon": 121.39901564153158, "gridID": 270, "lonmin": 121.39870123118213, "centerlat": 31.231471007511765, "lonmax": 121.39933005188101, "latmin": 31.231202161638116}