{"latmax": 31.22313641827917, "centerlon": 121.39178420349441, "gridID": 53, "lonmin": 121.39115538279552, "centerlat": 31.222598676050346, "lonmax": 121.39241302419329, "latmin": 31.222060933821524}