{"latmax": 31.232277542072964, "centerlon": 121.39901564153156, "gridID": 278, "lonmin": 121.39870123118213, "centerlat": 31.23200869772919, "lonmax": 121.39933005188101, "latmin": 31.231739853385413}