{"latmax": 31.22824480233631, "centerlon": 121.4067186950929, "gridID": 463, "lonmin": 121.40656148991816, "centerlat": 31.228110374618797, "lonmax": 121.40687590026762, "latmin": 31.227975946901278}