{"latmax": 31.231202161638116, "centerlon": 121.39901564153156, "gridID": 261, "lonmin": 121.39870123118213, "centerlat": 31.23093331423461, "lonmax": 121.39933005188101, "latmin": 31.2306644668311}