{"latmax": 31.232546385269323, "centerlon": 121.39885843635685, "gridID": 643, "lonmin": 121.39870123118213, "centerlat": 31.232411963671147, "lonmax": 121.39901564153158, "latmin": 31.232277542072964}