{"latmax": 31.21829664185625, "centerlon": 121.41206367103338, "gridID": 71, "lonmin": 121.41190646585868, "centerlat": 31.218162199989614, "lonmax": 121.41222087620811, "latmin": 31.218027758122982}