{"latmax": 31.227707090701376, "centerlon": 121.40043048810405, "gridID": 442, "lonmin": 121.40027328292933, "centerlat": 31.227572662218975, "lonmax": 121.40058769327877, "latmin": 31.22743823373657}