{"latmax": 31.224211890499742, "centerlon": 121.40829074684008, "gridID": 376, "lonmin": 121.40813354166538, "centerlat": 31.224077457045787, "lonmax": 121.40844795201481, "latmin": 31.223943023591836}