{"latmax": 31.22259867757997, "centerlon": 121.39209861384383, "gridID": 135, "lonmin": 121.3917842034944, "centerlat": 31.222329805700742, "lonmax": 121.39241302419329, "latmin": 31.222060933821524}