{"latmax": 31.231739853385413, "centerlon": 121.40090210362821, "gridID": 273, "lonmin": 121.40058769327877, "centerlat": 31.231471007511768, "lonmax": 121.40121651397766, "latmin": 31.231202161638116}