{"latmax": 31.233084069367195, "centerlon": 121.40074489845348, "gridID": 656, "lonmin": 121.40058769327877, "centerlat": 31.232949648533964, "lonmax": 121.4009021036282, "latmin": 31.232815227700733}