{"latmax": 31.229589068038024, "centerlon": 121.40263136055015, "gridID": 522, "lonmin": 121.40247415537543, "centerlat": 31.229454642232746, "lonmax": 121.40278856572486, "latmin": 31.22932021642747}