{"latmax": 31.229589068038024, "centerlon": 121.40687590026762, "gridID": 99, "lonmin": 121.40624707956873, "centerlat": 31.229051362522235, "lonmax": 121.40750472096649, "latmin": 31.228513657006445}