{"latmax": 31.216683327985535, "centerlon": 121.4090767727137, "gridID": 12, "lonmin": 121.40876236236426, "centerlat": 31.216414439281483, "lonmax": 121.40939118306315, "latmin": 31.216145550577426}