{"depth": 35.042999267578125, "height": 200, "buildingCount": 2, "RTCy": -197.31234741210938, "gridID": 36, "RTCx": -297.97705078125, "width": 21.45599365234375}