{"latmax": 31.23711660256729, "centerlon": 121.40546105369512, "gridID": 690, "lonmin": 121.40530384852039, "centerlat": 31.236982187471426, "lonmax": 121.40561825886985, "latmin": 31.236847772375558}