{"latmax": 31.219909928195968, "centerlon": 121.41442174865422, "gridID": 26, "lonmin": 121.41379292795534, "centerlat": 31.219372167612242, "lonmax": 121.4150505693531, "latmin": 31.21883440702852}