{"latmax": 31.230126768964404, "centerlon": 121.40090210362821, "gridID": 238, "lonmin": 121.40058769327877, "centerlat": 31.229857918501214, "lonmax": 121.40121651397766, "latmin": 31.229589068038024}