{"latmax": 31.21937216914177, "centerlon": 121.40954838823785, "gridID": 108, "lonmin": 121.40939118306315, "centerlat": 31.219237728804654, "lonmax": 121.40970559341258, "latmin": 31.219103288467526}