{"latmax": 31.220985437127045, "centerlon": 121.40891956753897, "gridID": 199, "lonmin": 121.40876236236426, "centerlat": 31.220850999084245, "lonmax": 121.40907677271372, "latmin": 31.220716561041446}