{"latmax": 31.233352910268707, "centerlon": 121.40090210362821, "gridID": 294, "lonmin": 121.40058769327877, "centerlat": 31.233084068984716, "lonmax": 121.40121651397766, "latmin": 31.232815227700733}