{"latmax": 31.216683327985535, "centerlon": 121.41222087620811, "gridID": 15, "lonmin": 121.41190646585868, "centerlat": 31.216414439281483, "lonmax": 121.41253528655757, "latmin": 31.216145550577426}