{"latmax": 31.22555621356669, "centerlon": 121.39728638460963, "gridID": 404, "lonmin": 121.39712917943491, "centerlat": 31.22542178202484, "lonmax": 121.39744358978434, "latmin": 31.225287350482986}