{"depth": 147.14199829101562, "height": 200, "buildingCount": 7, "RTCy": 452.91568865094865, "gridID": 98, "RTCx": 323.98460606166293, "width": 83.6719970703125}