{"latmax": 31.2306644668311, "centerlon": 121.40074489845348, "gridID": 569, "lonmin": 121.40058769327877, "centerlat": 31.230530042555657, "lonmax": 121.4009021036282, "latmin": 31.230395618280212}