{"depth": 397.23809814453125, "height": 200, "buildingCount": 7, "RTCy": 646.3801618303571, "gridID": 121, "RTCx": 491.65406581333707, "width": 242.25900268554688}