{"latmax": 31.219103288467526, "centerlon": 121.40860515718953, "gridID": 97, "lonmin": 121.40844795201481, "centerlat": 31.218968847748023, "lonmax": 121.40876236236426, "latmin": 31.21883440702852}