{"latmax": 31.2306644668311, "centerlon": 121.40278856572486, "gridID": 253, "lonmin": 121.40247415537543, "centerlat": 31.23039561789775, "lonmax": 121.4031029760743, "latmin": 31.230126768964404}