{"latmax": 31.22313641827917, "centerlon": 121.40766192614122, "gridID": 332, "lonmin": 121.40750472096649, "centerlat": 31.22300198329557, "lonmax": 121.40781913131595, "latmin": 31.22286754831197}