{"latmax": 31.2153388787299, "centerlon": 121.40954838823787, "gridID": 10, "lonmin": 121.40939118306315, "centerlat": 31.215204432657263, "lonmax": 121.40970559341258, "latmin": 31.215069986584638}