{"latmax": 31.230395618280212, "centerlon": 121.40546105369512, "gridID": 563, "lonmin": 121.40530384852039, "centerlat": 31.230261193622308, "lonmax": 121.40561825886985, "latmin": 31.230126768964404}