{"latmax": 31.220178806575902, "centerlon": 121.40766192614122, "gridID": 143, "lonmin": 121.40750472096649, "centerlat": 31.220044367385935, "lonmax": 121.40781913131595, "latmin": 31.219909928195968}