{"latmax": 31.225287350482986, "centerlon": 121.3955571276877, "gridID": 68, "lonmin": 121.39492830698882, "centerlat": 31.224749620491362, "lonmax": 121.39618594838657, "latmin": 31.224211890499742}