{"depth": 22.85400390625, "height": 200, "buildingCount": 1, "RTCy": 205.27374267578125, "gridID": 67, "RTCx": -526.1946411132812, "width": 31.89801025390625}