{"latmax": 31.219909928195968, "centerlon": 121.4130069020817, "gridID": 139, "lonmin": 121.412849696907, "centerlat": 31.219775488623608, "lonmax": 121.41316410725643, "latmin": 31.219641049051248}