{"latmax": 31.232815227700733, "centerlon": 121.40184533467655, "gridID": 116, "lonmin": 121.40121651397766, "centerlat": 31.232277540543073, "lonmax": 121.40247415537543, "latmin": 31.231739853385413}