{"latmax": 31.214801093674655, "centerlon": 121.40891956753899, "gridID": 2, "lonmin": 121.40876236236426, "centerlat": 31.21466664683732, "lonmax": 121.40907677271372, "latmin": 31.214532199999983}