{"latmax": 31.22313641827917, "centerlon": 121.40813354166536, "gridID": 57, "lonmin": 121.40750472096649, "centerlat": 31.222598676050346, "lonmax": 121.40876236236426, "latmin": 31.222060933821524}