{"latmax": 31.225287350482986, "centerlon": 121.41080602963564, "gridID": 400, "lonmin": 121.4106488244609, "centerlat": 31.225152918558713, "lonmax": 121.41096323481035, "latmin": 31.225018486634443}