{"latmax": 31.218027758122982, "centerlon": 121.41112043998508, "gridID": 55, "lonmin": 121.41096323481035, "centerlat": 31.217893315873976, "lonmax": 121.41127764515981, "latmin": 31.21775887362497}