{"latmax": 31.21883440702852, "centerlon": 121.41442174865422, "gridID": 18, "lonmin": 121.41379292795534, "centerlat": 31.218296640326745, "lonmax": 121.4150505693531, "latmin": 31.21775887362497}