{"latmax": 31.221792060795096, "centerlon": 121.40860515718951, "gridID": 267, "lonmin": 121.40844795201481, "centerlat": 31.221657623899482, "lonmax": 121.40876236236426, "latmin": 31.221523187003864}