{"latmax": 31.226900517512377, "centerlon": 121.39209861384384, "gridID": 198, "lonmin": 121.3917842034944, "centerlat": 31.226631657870527, "lonmax": 121.39241302419329, "latmin": 31.226362798228674}