{"latmax": 31.21883440702852, "centerlon": 121.41222087620812, "gridID": 41, "lonmin": 121.41190646585868, "centerlat": 31.218565524442383, "lonmax": 121.41253528655757, "latmin": 31.21829664185625}