{"latmax": 31.231739853385413, "centerlon": 121.40561825886985, "gridID": 112, "lonmin": 121.40498943817096, "centerlat": 31.23120216010826, "lonmax": 121.40624707956873, "latmin": 31.2306644668311}