{"latmax": 31.22824480233631, "centerlon": 121.40577546404457, "gridID": 460, "lonmin": 121.40561825886985, "centerlat": 31.22811037461879, "lonmax": 121.40593266921928, "latmin": 31.227975946901278}