{"latmax": 31.231739853385413, "centerlon": 121.39791520530852, "gridID": 605, "lonmin": 121.3977580001338, "centerlat": 31.231605430639814, "lonmax": 121.39807241048324, "latmin": 31.231471007894218}