{"latmax": 31.220985437127045, "centerlon": 121.41316410725645, "gridID": 36, "lonmin": 121.41253528655757, "centerlat": 31.220447682661504, "lonmax": 121.41379292795534, "latmin": 31.219909928195968}