{"latmax": 31.232546385269323, "centerlon": 121.39917284670629, "gridID": 644, "lonmin": 121.39901564153158, "centerlat": 31.232411963671144, "lonmax": 121.39933005188101, "latmin": 31.232277542072964}