{"latmax": 31.224211890499742, "centerlon": 121.40687590026761, "gridID": 64, "lonmin": 121.40624707956873, "centerlat": 31.223674154389457, "lonmax": 121.40750472096649, "latmin": 31.22313641827917}