{"latmax": 31.230395618280212, "centerlon": 121.39948725705572, "gridID": 554, "lonmin": 121.39933005188101, "centerlat": 31.230261193622308, "lonmax": 121.39964446223044, "latmin": 31.230126768964404}