{"latmax": 31.22905136405203, "centerlon": 121.40656148991818, "gridID": 225, "lonmin": 121.40624707956873, "centerlat": 31.22878251052924, "lonmax": 121.40687590026762, "latmin": 31.228513657006445}