{"latmax": 31.221523187003864, "centerlon": 121.39225581901857, "gridID": 240, "lonmin": 121.39209861384386, "centerlat": 31.221388749725865, "lonmax": 121.39241302419329, "latmin": 31.221254312447858}