{"latmax": 31.214801093674655, "centerlon": 121.4082907468401, "gridID": 0, "lonmin": 121.40813354166538, "centerlat": 31.214666646837316, "lonmax": 121.40844795201481, "latmin": 31.214532199999983}