{"latmax": 31.217221102334722, "centerlon": 121.41143485033453, "gridID": 40, "lonmin": 121.41127764515981, "centerlat": 31.217086658938605, "lonmax": 121.41159205550925, "latmin": 31.216952215542488}