{"depth": 100.42401123046875, "height": 200, "buildingCount": 3, "RTCy": 319.1028747558594, "gridID": 82, "RTCx": -179.25068155924478, "width": 77.86599731445312}