{"latmax": 31.2306644668311, "centerlon": 121.39901564153158, "gridID": 247, "lonmin": 121.39870123118213, "centerlat": 31.230395617897752, "lonmax": 121.39933005188101, "latmin": 31.230126768964404}