{"latmax": 31.2306644668311, "centerlon": 121.40200253985127, "gridID": 572, "lonmin": 121.40184533467654, "centerlat": 31.230530042555657, "lonmax": 121.402159745026, "latmin": 31.230395618280212}