{"latmax": 31.227975946901278, "centerlon": 121.40671869509289, "gridID": 452, "lonmin": 121.40656148991816, "centerlat": 31.227841518801323, "lonmax": 121.40687590026762, "latmin": 31.227707090701376}