{"latmax": 31.22259867757997, "centerlon": 121.3931990500669, "gridID": 308, "lonmin": 121.39304184489218, "centerlat": 31.22246424183156, "lonmax": 121.39335625524161, "latmin": 31.222329806083152}