{"latmax": 31.22905136405203, "centerlon": 121.40263136055015, "gridID": 500, "lonmin": 121.40247415537543, "centerlat": 31.22891693748186, "lonmax": 121.40278856572486, "latmin": 31.22878251091168}