{"depth": 96.06198120117188, "height": 200, "buildingCount": 2, "RTCy": 478.2655029296875, "gridID": 105, "RTCx": -95.07955932617188, "width": 113.28499984741211}