{"latmax": 31.233084069367195, "centerlon": 121.40137371915239, "gridID": 658, "lonmin": 121.40121651397766, "centerlat": 31.232949648533964, "lonmax": 121.4015309243271, "latmin": 31.232815227700733}