{"latmax": 31.231739853385413, "centerlon": 121.40058769327878, "gridID": 109, "lonmin": 121.3999588725799, "centerlat": 31.231202160108253, "lonmax": 121.40121651397766, "latmin": 31.2306644668311}