{"latmax": 31.21829664185625, "centerlon": 121.40766192614122, "gridID": 66, "lonmin": 121.40750472096649, "centerlat": 31.21816219998961, "lonmax": 121.40781913131595, "latmin": 31.218027758122982}