{"latmax": 31.220985437127045, "centerlon": 121.41677982627503, "gridID": 209, "lonmin": 121.4166226211003, "centerlat": 31.220850999084245, "lonmax": 121.41693703144976, "latmin": 31.220716561041446}