{"latmax": 31.233352910268707, "centerlon": 121.40640428474346, "gridID": 664, "lonmin": 121.40624707956873, "centerlat": 31.23321848981795, "lonmax": 121.40656148991816, "latmin": 31.233084069367195}