{"latmax": 31.220985437127045, "centerlon": 121.39131258797025, "gridID": 190, "lonmin": 121.39115538279552, "centerlat": 31.220850999084245, "lonmax": 121.39146979314496, "latmin": 31.220716561041446}