{"latmax": 31.22878251091168, "centerlon": 121.40357459159847, "gridID": 485, "lonmin": 121.40341738642375, "centerlat": 31.228648083959065, "lonmax": 121.4037317967732, "latmin": 31.228513657006445}