{"depth": 69.13900756835938, "height": 200, "buildingCount": 2, "RTCy": -307.1455841064453, "gridID": 24, "RTCx": -454.14813232421875, "width": 67.00399780273438}