{"latmax": 31.22905136405203, "centerlon": 121.40341738642375, "gridID": 221, "lonmin": 121.4031029760743, "centerlat": 31.228782510529243, "lonmax": 121.4037317967732, "latmin": 31.228513657006445}