{"latmax": 31.216683327985535, "centerlon": 121.40860515718951, "gridID": 27, "lonmin": 121.40844795201481, "centerlat": 31.216548883824693, "lonmax": 121.40876236236426, "latmin": 31.216414439663847}