{"latmax": 31.233352910268707, "centerlon": 121.40137371915239, "gridID": 663, "lonmin": 121.40121651397766, "centerlat": 31.23321848981795, "lonmax": 121.4015309243271, "latmin": 31.233084069367195}