{"depth": 89.9979248046875, "height": 200, "buildingCount": 3, "RTCy": -490.6232096354167, "gridID": 7, "RTCx": -456.56139119466144, "width": 58.40899658203125}