{"latmax": 31.215607770110466, "centerlon": 121.40939118306315, "gridID": 1, "lonmin": 121.40876236236426, "centerlat": 31.215069985055223, "lonmax": 121.41002000376204, "latmin": 31.214532199999983}