{"latmax": 31.234428266225077, "centerlon": 121.40656148991818, "gridID": 302, "lonmin": 121.40624707956873, "centerlat": 31.23415942800095, "lonmax": 121.40687590026762, "latmin": 31.233890589776824}