{"latmax": 31.220447684191065, "centerlon": 121.41096323481037, "gridID": 71, "lonmin": 121.4106488244609, "centerlat": 31.220178806193513, "lonmax": 121.41127764515981, "latmin": 31.219909928195968}