{"latmax": 31.221792060795096, "centerlon": 121.39068376727137, "gridID": 260, "lonmin": 121.39052656209662, "centerlat": 31.221657623899482, "lonmax": 121.39084097244609, "latmin": 31.221523187003864}