{"depth": 144.68600463867188, "height": 200, "buildingCount": 4, "RTCy": 261.6315002441406, "gridID": 86, "RTCx": 179.07742309570312, "width": 58.826995849609375}