{"latmax": 31.221254312447858, "centerlon": 121.41583659522671, "gridID": 228, "lonmin": 121.41567939005199, "centerlat": 31.22111987478745, "lonmax": 121.41599380040142, "latmin": 31.220985437127045}