{"latmax": 31.217489988362214, "centerlon": 121.41206367103338, "gridID": 44, "lonmin": 121.41190646585868, "centerlat": 31.217355545348468, "lonmax": 121.41222087620811, "latmin": 31.217221102334722}