{"latmax": 31.232815227700733, "centerlon": 121.40687590026761, "gridID": 119, "lonmin": 121.40624707956873, "centerlat": 31.232277540543077, "lonmax": 121.40750472096649, "latmin": 31.231739853385413}