{"latmax": 31.232277542072964, "centerlon": 121.40105930880291, "gridID": 637, "lonmin": 121.4009021036282, "centerlat": 31.23214312009231, "lonmax": 121.40121651397766, "latmin": 31.232008698111656}