{"latmax": 31.224749622021044, "centerlon": 121.39791520530851, "gridID": 389, "lonmin": 121.3977580001338, "centerlat": 31.224615189331928, "lonmax": 121.39807241048324, "latmin": 31.22448075664281}