{"latmax": 31.22340528748154, "centerlon": 121.40671869509289, "gridID": 342, "lonmin": 121.40656148991816, "centerlat": 31.223270852880354, "lonmax": 121.40687590026762, "latmin": 31.22313641827917}