{"latmax": 31.22448075664281, "centerlon": 121.40357459159847, "gridID": 382, "lonmin": 121.40341738642375, "centerlat": 31.22434632357127, "lonmax": 121.4037317967732, "latmin": 31.224211890499742}