{"latmax": 31.228513657006445, "centerlon": 121.40310297607431, "gridID": 90, "lonmin": 121.40247415537543, "centerlat": 31.227975945371508, "lonmax": 121.4037317967732, "latmin": 31.22743823373657}