{"latmax": 31.232815227700733, "centerlon": 121.40546105369512, "gridID": 652, "lonmin": 121.40530384852039, "centerlat": 31.23268080648503, "lonmax": 121.40561825886985, "latmin": 31.232546385269323}