{"latmax": 31.222060933821524, "centerlon": 121.39052656209664, "gridID": 41, "lonmin": 121.38989774139776, "centerlat": 31.221523185474283, "lonmax": 121.39115538279552, "latmin": 31.220985437127045}