{"latmax": 31.232008698111656, "centerlon": 121.40168812950182, "gridID": 629, "lonmin": 121.4015309243271, "centerlat": 31.231874275748535, "lonmax": 121.40184533467654, "latmin": 31.231739853385413}