{"latmax": 31.221523187003864, "centerlon": 121.39036935692191, "gridID": 235, "lonmin": 121.39021215174719, "centerlat": 31.221388749725865, "lonmax": 121.39052656209662, "latmin": 31.221254312447858}