{"latmax": 31.230126768964404, "centerlon": 121.40577546404457, "gridID": 552, "lonmin": 121.40561825886985, "centerlat": 31.22999234392403, "lonmax": 121.40593266921928, "latmin": 31.229857918883656}