{"latmax": 31.220985437127045, "centerlon": 121.39304184489218, "gridID": 30, "lonmin": 121.39241302419329, "centerlat": 31.220447682661508, "lonmax": 121.39367066559105, "latmin": 31.219909928195968}