{"latmax": 31.231202161638116, "centerlon": 121.40027328292932, "gridID": 262, "lonmin": 121.3999588725799, "centerlat": 31.23093331423461, "lonmax": 121.40058769327877, "latmin": 31.2306644668311}