{"latmax": 31.2236741559191, "centerlon": 121.40954838823787, "gridID": 362, "lonmin": 121.40939118306315, "centerlat": 31.22353972170032, "lonmax": 121.40970559341258, "latmin": 31.22340528748154}