{"latmax": 31.225287350482986, "centerlon": 121.40436061747208, "gridID": 72, "lonmin": 121.4037317967732, "centerlat": 31.224749620491362, "lonmax": 121.40498943817096, "latmin": 31.224211890499742}