{"latmax": 31.226362798228674, "centerlon": 121.39209861384386, "gridID": 188, "lonmin": 121.3917842034944, "centerlat": 31.22609393705711, "lonmax": 121.39241302419329, "latmin": 31.22582507588554}