{"depth": 108.1050033569336, "height": 200, "buildingCount": 3, "RTCy": 178.0509262084961, "gridID": 70, "RTCx": -269.4314880371094, "width": 61.626007080078125}