{"latmax": 31.234428266225077, "centerlon": 121.40671869509289, "gridID": 675, "lonmin": 121.40656148991816, "centerlat": 31.234293847304247, "lonmax": 121.40687590026762, "latmin": 31.234159428383425}