{"latmax": 31.233890589776824, "centerlon": 121.40577546404457, "gridID": 670, "lonmin": 121.40561825886985, "centerlat": 31.233756170091034, "lonmax": 121.40593266921928, "latmin": 31.233621750405245}