{"latmax": 31.231202161638116, "centerlon": 121.40231695020071, "gridID": 593, "lonmin": 121.402159745026, "centerlat": 31.23106773812759, "lonmax": 121.40247415537543, "latmin": 31.23093331461706}