{"latmax": 31.22259867757997, "centerlon": 121.39194140866911, "gridID": 306, "lonmin": 121.3917842034944, "centerlat": 31.222464241831556, "lonmax": 121.39209861384386, "latmin": 31.222329806083152}