{"latmax": 31.22340528748154, "centerlon": 121.40734751579177, "gridID": 344, "lonmin": 121.40719031061705, "centerlat": 31.223270852880354, "lonmax": 121.40750472096649, "latmin": 31.22313641827917}