{"latmax": 31.22259867757997, "centerlon": 121.39146979314495, "gridID": 134, "lonmin": 121.39115538279552, "centerlat": 31.222329805700742, "lonmax": 121.3917842034944, "latmin": 31.222060933821524}