{"latmax": 31.225287350482986, "centerlon": 121.40561825886985, "gridID": 73, "lonmin": 121.40498943817096, "centerlat": 31.224749620491366, "lonmax": 121.40624707956873, "latmin": 31.224211890499742}