{"latmax": 31.23711660256729, "centerlon": 121.40577546404458, "gridID": 691, "lonmin": 121.40561825886985, "centerlat": 31.236982187471426, "lonmax": 121.40593266921928, "latmin": 31.236847772375558}