{"latmax": 31.233890589776824, "centerlon": 121.4059326692193, "gridID": 299, "lonmin": 121.40561825886985, "centerlat": 31.233621750022763, "lonmax": 121.40624707956873, "latmin": 31.233352910268707}