{"latmax": 31.226362798228674, "centerlon": 121.39304184489217, "gridID": 78, "lonmin": 121.39241302419329, "centerlat": 31.225825074355832, "lonmax": 121.39367066559105, "latmin": 31.225287350482986}