{"latmax": 31.22313641827917, "centerlon": 121.39791520530852, "gridID": 328, "lonmin": 121.3977580001338, "centerlat": 31.22300198329557, "lonmax": 121.39807241048324, "latmin": 31.22286754831197}