{"latmax": 31.22878251091168, "centerlon": 121.40514664334567, "gridID": 488, "lonmin": 121.40498943817096, "centerlat": 31.228648083959065, "lonmax": 121.40530384852039, "latmin": 31.228513657006445}