{"latmax": 31.232815227700733, "centerlon": 121.39933005188101, "gridID": 114, "lonmin": 121.39870123118213, "centerlat": 31.232277540543073, "lonmax": 121.3999588725799, "latmin": 31.231739853385413}