{"latmax": 31.224749622021044, "centerlon": 121.39948725705572, "gridID": 391, "lonmin": 121.39933005188101, "centerlat": 31.224615189331928, "lonmax": 121.39964446223044, "latmin": 31.22448075664281}