{"latmax": 31.224211890499742, "centerlon": 121.40970559341261, "gridID": 169, "lonmin": 121.40939118306315, "centerlat": 31.223943023209426, "lonmax": 121.41002000376204, "latmin": 31.2236741559191}