{"latmax": 31.236041277210337, "centerlon": 121.40656148991819, "gridID": 308, "lonmin": 121.40624707956873, "centerlat": 31.235772443576106, "lonmax": 121.40687590026762, "latmin": 31.235503609941873}