{"latmax": 31.219641049051248, "centerlon": 121.41269249173227, "gridID": 126, "lonmin": 121.41253528655757, "centerlat": 31.21950660909651, "lonmax": 121.412849696907, "latmin": 31.21937216914177}