{"latmax": 31.231739853385413, "centerlon": 121.39917284670628, "gridID": 609, "lonmin": 121.39901564153158, "centerlat": 31.231605430639814, "lonmax": 121.39933005188101, "latmin": 31.231471007894218}