{"latmax": 31.218027758122982, "centerlon": 121.41143485033453, "gridID": 56, "lonmin": 121.41127764515981, "centerlat": 31.21789331587398, "lonmax": 121.41159205550925, "latmin": 31.21775887362497}