{"latmax": 31.220985437127045, "centerlon": 121.39272743454275, "gridID": 83, "lonmin": 121.39241302419329, "centerlat": 31.220716560659056, "lonmax": 121.39304184489218, "latmin": 31.220447684191065}