{"latmax": 31.220985437127045, "centerlon": 121.40923397788843, "gridID": 200, "lonmin": 121.40907677271372, "centerlat": 31.220850999084245, "lonmax": 121.40939118306315, "latmin": 31.220716561041446}