{"latmax": 31.221523187003864, "centerlon": 121.39351346041633, "gridID": 243, "lonmin": 121.39335625524161, "centerlat": 31.221388749725865, "lonmax": 121.39367066559105, "latmin": 31.221254312447858}