{"latmax": 31.216683327985535, "centerlon": 121.41190646585868, "gridID": 6, "lonmin": 121.41127764515981, "centerlat": 31.216145549047997, "lonmax": 121.41253528655757, "latmin": 31.215607770110466}