{"latmax": 31.22905136405203, "centerlon": 121.40703310544234, "gridID": 506, "lonmin": 121.40687590026762, "centerlat": 31.22891693748186, "lonmax": 121.40719031061705, "latmin": 31.22878251091168}