{"depth": 104.84698486328125, "height": 200, "buildingCount": 5, "RTCy": 583.223486328125, "gridID": 115, "RTCx": -183.6262176513672, "width": 60.2080078125}