{"depth": 131.8139934539795, "height": 200, "buildingCount": 6, "RTCy": 92.96213277180989, "gridID": 59, "RTCx": -281.82476806640625, "width": 112.20999145507812}