{"latmax": 31.231471007894218, "centerlon": 121.39885843635685, "gridID": 596, "lonmin": 121.39870123118213, "centerlat": 31.23133658476617, "lonmax": 121.39901564153158, "latmin": 31.231202161638116}