{"latmax": 31.221792060795096, "centerlon": 121.40829074684011, "gridID": 266, "lonmin": 121.40813354166538, "centerlat": 31.221657623899482, "lonmax": 121.40844795201481, "latmin": 31.221523187003864}