{"depth": 41.89202880859375, "height": 200, "buildingCount": 10, "RTCy": 577.7287658691406, "gridID": 113, "RTCx": -369.0099761962891, "width": 96.02801513671875}