{"latmax": 31.232008698111656, "centerlon": 121.40074489845348, "gridID": 626, "lonmin": 121.40058769327877, "centerlat": 31.231874275748535, "lonmax": 121.4009021036282, "latmin": 31.231739853385413}