{"latmax": 31.219103288467526, "centerlon": 121.40797633649065, "gridID": 95, "lonmin": 121.40781913131595, "centerlat": 31.218968847748023, "lonmax": 121.40813354166538, "latmin": 31.21883440702852}