{"latmax": 31.221792060795096, "centerlon": 121.40766192614122, "gridID": 265, "lonmin": 121.40750472096649, "centerlat": 31.221657623899482, "lonmax": 121.40781913131595, "latmin": 31.221523187003864}