{"latmax": 31.21856552482477, "centerlon": 121.41332131243117, "gridID": 83, "lonmin": 121.41316410725643, "centerlat": 31.21843108334051, "lonmax": 121.4134785176059, "latmin": 31.21829664185625}