{"latmax": 31.231471007894218, "centerlon": 121.40231695020073, "gridID": 602, "lonmin": 121.402159745026, "centerlat": 31.231336584766165, "lonmax": 121.40247415537543, "latmin": 31.231202161638116}