{"latmax": 31.220447684191065, "centerlon": 121.40719031061705, "gridID": 65, "lonmin": 121.40687590026762, "centerlat": 31.220178806193516, "lonmax": 121.40750472096649, "latmin": 31.219909928195968}