{"latmax": 31.22878251091168, "centerlon": 121.40294577089958, "gridID": 483, "lonmin": 121.40278856572486, "centerlat": 31.228648083959065, "lonmax": 121.4031029760743, "latmin": 31.228513657006445}