{"latmax": 31.232546385269323, "centerlon": 121.40168812950182, "gridID": 647, "lonmin": 121.4015309243271, "centerlat": 31.232411963671144, "lonmax": 121.40184533467654, "latmin": 31.232277542072964}