{"depth": 203.34799194335938, "height": 200, "buildingCount": 15, "RTCy": -546.192637125651, "gridID": 5, "RTCx": 517.6869364420573, "width": 171.58895874023438}