{"latmax": 31.221523187003864, "centerlon": 121.39272743454273, "gridID": 104, "lonmin": 121.39241302419329, "centerlat": 31.221254312065454, "lonmax": 121.39304184489218, "latmin": 31.220985437127045}