{"latmax": 31.223943023591836, "centerlon": 121.40954838823787, "gridID": 372, "lonmin": 121.40939118306315, "centerlat": 31.223808589755468, "lonmax": 121.40970559341258, "latmin": 31.2236741559191}