{"latmax": 31.220985437127045, "centerlon": 121.39225581901857, "gridID": 191, "lonmin": 121.39209861384386, "centerlat": 31.220850999084245, "lonmax": 121.39241302419329, "latmin": 31.220716561041446}