{"latmax": 31.220447684191065, "centerlon": 121.41473615900365, "gridID": 77, "lonmin": 121.4144217486542, "centerlat": 31.220178806193516, "lonmax": 121.4150505693531, "latmin": 31.219909928195968}