{"latmax": 31.2236741559191, "centerlon": 121.41033441411146, "gridID": 160, "lonmin": 121.41002000376204, "centerlat": 31.223405287099133, "lonmax": 121.4106488244609, "latmin": 31.22313641827917}