{"latmax": 31.221254312447858, "centerlon": 121.41552218487726, "gridID": 227, "lonmin": 121.41536497970253, "centerlat": 31.22111987478745, "lonmax": 121.41567939005199, "latmin": 31.220985437127045}