{"depth": 118.95101928710938, "height": 200, "buildingCount": 9, "RTCy": -392.18511962890625, "gridID": 19, "RTCx": -23.032666206359863, "width": 128.35400199890137}