{"latmax": 31.229857918883656, "centerlon": 121.40043048810406, "gridID": 530, "lonmin": 121.40027328292933, "centerlat": 31.22972349346084, "lonmax": 121.40058769327877, "latmin": 31.229589068038024}