{"latmax": 31.228513657006445, "centerlon": 121.40341738642374, "gridID": 210, "lonmin": 121.4031029760743, "centerlat": 31.228244801953863, "lonmax": 121.4037317967732, "latmin": 31.227975946901278}