{"latmax": 31.233890589776824, "centerlon": 121.40184533467654, "gridID": 121, "lonmin": 121.40121651397766, "centerlat": 31.23335290873878, "lonmax": 121.40247415537543, "latmin": 31.232815227700733}