{"latmax": 31.217221102334722, "centerlon": 121.41096323481035, "gridID": 18, "lonmin": 121.4106488244609, "centerlat": 31.21695221516013, "lonmax": 121.41127764515981, "latmin": 31.216683327985535}