{"latmax": 31.21937216914177, "centerlon": 121.40734751579177, "gridID": 103, "lonmin": 121.40719031061705, "centerlat": 31.219237728804654, "lonmax": 121.40750472096649, "latmin": 31.219103288467526}