{"latmax": 31.232277542072964, "centerlon": 121.40090210362821, "gridID": 281, "lonmin": 121.40058769327877, "centerlat": 31.23200869772919, "lonmax": 121.40121651397766, "latmin": 31.231739853385413}