{"depth": 113.65700149536133, "height": 200, "buildingCount": 3, "RTCy": 21.07757314046224, "gridID": 58, "RTCx": -388.7393493652344, "width": 72.08700561523438}