{"latmax": 31.22582507588554, "centerlon": 121.39712917943491, "gridID": 185, "lonmin": 121.39681476908548, "centerlat": 31.225556213184262, "lonmax": 121.39744358978434, "latmin": 31.225287350482986}