{"latmax": 31.222060933821524, "centerlon": 121.40844795201484, "gridID": 126, "lonmin": 121.40813354166538, "centerlat": 31.2217920604127, "lonmax": 121.40876236236426, "latmin": 31.221523187003864}