{"latmax": 31.21937216914177, "centerlon": 121.41269249173229, "gridID": 111, "lonmin": 121.41253528655757, "centerlat": 31.219237728804654, "lonmax": 121.412849696907, "latmin": 31.219103288467526}