{"latmax": 31.21829664185625, "centerlon": 121.41096323481037, "gridID": 31, "lonmin": 121.4106488244609, "centerlat": 31.21802775774061, "lonmax": 121.41127764515981, "latmin": 31.21775887362497}