{"latmax": 31.220447684191065, "centerlon": 121.41159205550925, "gridID": 72, "lonmin": 121.41127764515981, "centerlat": 31.220178806193516, "lonmax": 121.41190646585868, "latmin": 31.219909928195968}