{"latmax": 31.220716561041446, "centerlon": 121.41646541592559, "gridID": 184, "lonmin": 121.41630821075087, "centerlat": 31.22058212261625, "lonmax": 121.4166226211003, "latmin": 31.220447684191065}