{"latmax": 31.21883440702852, "centerlon": 121.40813354166536, "gridID": 14, "lonmin": 121.40750472096649, "centerlat": 31.21829664032674, "lonmax": 121.40876236236426, "latmin": 31.21775887362497}