{"latmax": 31.230126768964404, "centerlon": 121.40357459159848, "gridID": 547, "lonmin": 121.40341738642375, "centerlat": 31.22999234392403, "lonmax": 121.4037317967732, "latmin": 31.229857918883656}