{"latmax": 31.219909928195968, "centerlon": 121.40954838823785, "gridID": 134, "lonmin": 121.40939118306315, "centerlat": 31.219775488623608, "lonmax": 121.40970559341258, "latmin": 31.219641049051248}