{"latmax": 31.2236741559191, "centerlon": 121.40923397788843, "gridID": 361, "lonmin": 121.40907677271372, "centerlat": 31.22353972170032, "lonmax": 121.40939118306315, "latmin": 31.22340528748154}