{"latmax": 31.222060933821524, "centerlon": 121.39304184489217, "gridID": 43, "lonmin": 121.39241302419329, "centerlat": 31.221523185474283, "lonmax": 121.39367066559105, "latmin": 31.220985437127045}