{"depth": 79.54605102539062, "height": 200, "buildingCount": 3, "RTCy": -396.20360310872394, "gridID": 14, "RTCx": -461.69366455078125, "width": 58.74200439453125}