{"latmax": 31.233890589776824, "centerlon": 121.40561825886984, "gridID": 122, "lonmin": 121.40498943817096, "centerlat": 31.23335290873878, "lonmax": 121.40624707956873, "latmin": 31.232815227700733}