{"latmax": 31.219103288467526, "centerlon": 121.41363572278061, "gridID": 99, "lonmin": 121.4134785176059, "centerlat": 31.218968847748023, "lonmax": 121.41379292795534, "latmin": 31.21883440702852}