{"latmax": 31.21829664185625, "centerlon": 121.40734751579177, "gridID": 65, "lonmin": 121.40719031061705, "centerlat": 31.218162199989614, "lonmax": 121.40750472096649, "latmin": 31.218027758122982}