{"latmax": 31.225287350482986, "centerlon": 121.40310297607432, "gridID": 71, "lonmin": 121.40247415537543, "centerlat": 31.224749620491366, "lonmax": 121.4037317967732, "latmin": 31.224211890499742}