{"latmax": 31.233352910268707, "centerlon": 121.40153092432709, "gridID": 295, "lonmin": 121.40121651397766, "centerlat": 31.233084068984724, "lonmax": 121.40184533467654, "latmin": 31.232815227700733}