{"latmax": 31.219909928195968, "centerlon": 121.41049161928619, "gridID": 137, "lonmin": 121.41033441411147, "centerlat": 31.219775488623608, "lonmax": 121.4106488244609, "latmin": 31.219641049051248}