{"latmax": 31.220178806575902, "centerlon": 121.41174926068396, "gridID": 149, "lonmin": 121.41159205550925, "centerlat": 31.220044367385935, "lonmax": 121.41190646585868, "latmin": 31.219909928195968}